id,neighbourhood,price_tier,categories,name,rating
4b45ca45f964a520601026e3,Bijlmer-Centrum,Moderate,Italian Restaurant,Pasta di Mamma,
4a27db80f964a52026941fe3,Bijlmer-Centrum,Cheap,Chinese Restaurant,Kam Yin,
55199479498eb5350aa6a7ce,Bijlmer-Centrum,Cheap,Food Court,World Of Food,
595239a04f0e58127fc9fd79,Bijlmer-Centrum,Cheap,Café,Coffee Fellows,
4a27053ef964a52046871fe3,Bijlmer-Centrum,Cheap,Deli / Bodega,Deli Company,2
53739053498ef4688d041ec9,Bijlmer-Centrum,Moderate,Sandwich Place,Lebkov & Sons Amsterdam,
544d368f498eead34f0e157b,Bijlmer-Centrum,Cheap,Bakery,Simit Sarayı,
56b64985498e5f9ed36fcd9d,Bijlmer-Centrum,Cheap,Satay Restaurant,Stick-up Indo food,
4dd392ccd1643acaa1e3cc9f,Bijlmer-Centrum,Moderate,Sushi Restaurant,Ichi-E,
55d70457498e3b3bbdf99765,Bijlmer-Centrum,Cheap,Falafel Restaurant,Easy fresh falafel,
4aa40fa6f964a520134520e3,Bijlmer-Centrum,Moderate,Restaurant,Toko de Poort,
519df077498e60de140178a1,Bijlmer-Centrum,Moderate,Italian Restaurant,Ernos,5
5576cc07498e8b7ff43b99c1,Bijlmer-Centrum,Cheap,Bakery,Cinnabon,
50998f678055129dac392ddd,Bijlmer-Centrum,Cheap,Salad Place,Urban Salad,
4a2707fef964a5206b8f1fe3,Bijlmer-Centrum,Cheap,Chinese Restaurant,Asian Fantasy,
546def84498ea560de829b6d,Bijlmer-Centrum,Moderate,South American Restaurant,WENBO,
4bbb1ea0cf2fc9b6792da202,Bijlmer-Centrum,Expensive,Seafood Restaurant,Vishandel Theo v/d Geest,4
4a27db1cf964a520fc911fe3,Bijlmer-Centrum,Cheap,Chinese Restaurant,Lucky King & Hong,
52f093c8498e89f5e4e4bb34,Bijlmer-Centrum,Moderate,Asian Restaurant,East Harbour Restaurant,
556e0a99498ee69b12ac49f3,Bijlmer-Centrum,Moderate,Scandinavian Restaurant,GåRD - Nordic Kitchen,
4a27db85f964a52049941fe3,Bijlmer-Centrum,Cheap,Sandwich Place,Bakerstreet,
4a853441f964a52021fe1fe3,Bijlmer-Centrum,Cheap,Breakfast Spot,Palais de Fromage,
4a2704c6f964a5202c861fe3,Bijlmer-Centrum,Cheap,Snack Place,Febo,
4b815426f964a520b09f30e3,Bijlmer-Centrum,Cheap,Doner Restaurant,The Döner Company,
55c49159498e653f9ec81f5d,Bijlmer-Centrum,Moderate,Turkish Restaurant,Kurio's,
4a27053bf964a5203c871fe3,Bijlmer-Centrum,Moderate,Turkish Restaurant,King Döner,
500e810ae4b0edbb8d9f4ad2,Bijlmer-Centrum,Cheap,Food Court,Basilico,2
4b765f51f964a520ce492ee3,Bijlmer-Centrum,Cheap,Bakery,Backwerk,
4a27db7ef964a5201c941fe3,Bijlmer-Centrum,Cheap,Fast Food Restaurant,KFC,1
51d71115498ed55498c69bc4,Bijlmer-Centrum,Moderate,Chinese Restaurant,Asian Kitchen,
55ba4c47498e7eb6a72096dc,Bijlmer-Centrum,Cheap,Pizza Place,Domino's Pizza,
4a26ffbff964a520d6801fe3,Bijlmer-Centrum,Moderate,Asian Restaurant,JinSo,
519df11a498ef865aec3c462,Bijlmer-Centrum,Moderate,Mediterranean Restaurant,Marmaris Grill & Pizza,
4a27db81f964a52030941fe3,Bijlmer-Centrum,Cheap,Fast Food Restaurant,McDonald's,2
5107a527e4b0edcac15bc105,Bijlmer-Centrum,Cheap,Café,MiCaffè Fraijlemaborg (HES),
56505db9498ee6bcc6d4713b,Bijlmer-Centrum,Cheap,Deli / Bodega,Lunchroom Fénice,
506a926be4b0677a1fc1015a,Bijlmer-Centrum,Cheap,Bakery,De Lekkere Dingen Bakker,
4c9345f1911b8cfa1326f4b5,Bijlmer-Centrum,Moderate,Restaurant,Döner De Poort,
4e394537a809d73012e3d22d,Bijlmer-Centrum,Cheap,Fast Food Restaurant,De Corner,
57e26569498ed4a9a14eee08,Bijlmer-Centrum,Cheap,Sandwich Place,Délifrance,
4a2704bdf964a52014861fe3,Bijlmer-Centrum,Cheap,Diner,Mr Cocker,
5661ab9f498e184c556e9c43,Bijlmer-Centrum,Cheap,Bakery,Beans,
4a27db3bf964a520bd921fe3,Bijlmer-Centrum,Moderate,Cajun / Creole Restaurant,Tjin's,
4ebbb474f7903b1fae9b7ae2,Bijlmer-Centrum,Moderate,Cajun / Creole Restaurant,Mr. J - Taste of Surinam,
5332d309498ee5522078dfdc,Bijlmer-Centrum,Cheap,Snack Place,Fong Food,
5b34c16067a9fe002cc04770,Bijlmer-Centrum,Cheap,Chinese Restaurant,Little Chinatown,
564c657a498edcdb7d8972c6,Bijlmer-Centrum,Cheap,Sandwich Place,Dagelijks Lekker,2
4f323b9ae4b0f99d891fb97a,Bijlmer-Centrum,Cheap,Café,Aspretto by Sodexo,
4e6df33252b1d151b7ccb147,Bijlmer-Centrum,Cheap,Sandwich Place,Jeroen Bosch @ ING Amsterdamse Poort,
4a27051ef964a520f9861fe3,Bijlmer-Centrum,Cheap,Snack Place,Snackbar Zuidoost,
52c69f74498e2fd20f325b13,Bijlmer-Centrum,Cheap,Sandwich Place,De Broodzaak,
4e687f8ad4c0c570905459b0,Bijlmer-Centrum,Cheap,Chinese Restaurant,NewFookLong,
55e879e1498e9e55c46e72a4,Bijlmer-Centrum,Cheap,Burger Joint,Burger Bitch,
4bfa8d245317a59353cb027f,Bijlmer-Centrum,Moderate,Restaurant,Arena Doner,
580bab5838fae58be458e757,Bijlmer-Centrum,Moderate,Thai Restaurant,Sukhothai,
57cda022498eb8c81a000d95,Bijlmer-Centrum,Moderate,Indian Restaurant,Tandoor BBQ,
5cdc3c3bcb3fd2002ce8f61d,Bijlmer-Centrum,Expensive,Gastropub,Boulevard Fourteen | Bar & Kitchen,
58e7c63052e32d6b182cc2ab,Bijlmer-Centrum,Cheap,Mexican Restaurant,Taco Mundo,
551fe672498e8f66269f9fb1,Bijlmer-Centrum,Cheap,Fast Food Restaurant,McDonald's,2
5d567e009ccd2d00086b2c30,Bijlmer-Centrum,Cheap,Fast Food Restaurant,FEBO,
4e6a2283b3ad4441fb146b17,Bijlmer-Centrum,Cheap,Café,Vitam Catering - Oval Tower,
56c822f2498e18ceade2f8c6,Bijlmer-Centrum,Cheap,Bakery,Jaz Breakfast Bar,
4e54dbda483b764fba25f799,Bijlmer-Centrum,Cheap,Food,ABN Amro Kantine (Rosas),
574e536e498ed3dc80763a53,Bijlmer-Centrum,Moderate,Scandinavian Restaurant,GåRD Nordic Kitchen,
59c632163b4e0073c29a5b1a,Bijlmer-Centrum,Cheap,Café,The Dude,3
4bbb6c8e04b6a59367d9c0ea,Bijlmer-Oost,Moderate,South American Restaurant,De Smeltkroes,
4a270778f964a520e68d1fe3,Bijlmer-Oost,Moderate,Turkish Restaurant,Meram Zuidoost,
4a2704d5f964a52053861fe3,Bijlmer-Oost,Cheap,Snack Place,Snackbar Ganzenpoort,
4e034053a809d5cf452792af,Bijlmer-Oost,Cheap,Bakery,Bakkerij Ganzenpoort,
4a27db6cf964a520bd931fe3,Bijlmer-Oost,Cheap,Chinese Restaurant,Lung Ma,
500ec40ee4b0a6d2097be357,Bijlmer-Oost,Moderate,Middle Eastern Restaurant,Cafetaria Ganzenpoort,
596674002955134b2c803b78,Bijlmer-Oost,Cheap,Burger Joint,Meram Burger,
50688c46e4b04cedfce10086,Bijlmer-Oost,Cheap,Fast Food Restaurant,Döner Baba,
4f7aadb1e4b0be46387a267d,Bijlmer-Oost,Cheap,Bakery,Lekkere dingen bakker,
4dd78f951838b8561ce9a1d1,Bos en Lommer,Cheap,Bakery,BBROOD,
4ca89260b0b8236a4392b4e6,Bos en Lommer,Moderate,Thai Restaurant,Kratiam Thai,
527fa195498e4f766427f040,Bos en Lommer,Cheap,Sandwich Place,Hartje Bos,
4b93eb08f964a520be5934e3,Bos en Lommer,Moderate,Indonesian Restaurant,Restaurant Betawi,
530a3ff1498e50850748bd00,Bos en Lommer,Moderate,Turkish Restaurant,King Kumpir,
51d7f23e498eb1cf17ba4447,Bos en Lommer,Cheap,Pizza Place,Eetwinkel Buurman & Buurman,
4b9bad51f964a520371936e3,Bos en Lommer,Expensive,Seafood Restaurant,Vishandel Gebr. Molenaar,
4a27db6bf964a520b9931fe3,Bos en Lommer,Moderate,Mediterranean Restaurant,Birtat,
55ca3dd8498ed67a622b0366,Bos en Lommer,Moderate,Restaurant,Wilde Westen,
5990de4ea87921282a12074b,Bos en Lommer,Moderate,Restaurant,Florya Restaurant & Café,
5b8be2115d891b002ce93e83,Bos en Lommer,Moderate,Restaurant,No Man's Art Gallery & De Bar,
590b53e7d0a14977ddf8c41f,Bos en Lommer,Cheap,Fast Food Restaurant,Zwagers,
5555e3a0498e57e6b65e5618,Bos en Lommer,Moderate,Vegetarian / Vegan Restaurant,Loving Hut,
4a27db2ff964a5206e921fe3,Bos en Lommer,Moderate,Caribbean Restaurant,Ram's Roti West,
58a4850c739d851310b8b322,Bos en Lommer,Cheap,Café,Local Hero,
4b6acedef964a5204ee12be3,Bos en Lommer,Cheap,Deli / Bodega,Broodje Daan,2
588344bb89151d6db359ce4a,Bos en Lommer,Moderate,Scandinavian Restaurant,Selma's,
53345d5211d28af54fffb57d,Bos en Lommer,Moderate,Greek Restaurant,Griekse Traiterie Ela!,
587a89026cea3f55dc779cd2,Bos en Lommer,Cheap,Burger Joint,De Biergrill,
4a8927e3f964a520cd0720e3,Bos en Lommer,Moderate,Indonesian Restaurant,Warung Solo,
4c4b245e712ac928ac56806c,Bos en Lommer,Moderate,Bistro,Radijs,
4b0ef03bf964a520fd5c23e3,Bos en Lommer,Cheap,Bagel Shop,Bagels & Beans,
5c363b588c812a002c66f664,Bos en Lommer,Cheap,Ramen Restaurant,Sapporo Ramen Sora,
4d5d5804fb186dcbb40b0b9b,Bos en Lommer,Cheap,Bistro,Bistro Bos,
533dbbc4498ee38a3e5aa9f8,Bos en Lommer,Cheap,Deli / Bodega,Deli-caat,
4a270548f964a5206c871fe3,Bos en Lommer,Cheap,Snack Place,Natuurlijk Smullen,
552c0e7d498e9b8fc35ada17,Bos en Lommer,Cheap,Pet Café,Kattencafé Kopjes,2
54c14eeb498eb9899e8f2f26,Bos en Lommer,Cheap,Lebanese Restaurant,Maz Mez,
4b1fde24f964a520fb2924e3,Bos en Lommer,Moderate,Restaurant,Pera Grillroom,
52b2ade5498e9052415a783e,Bos en Lommer,Cheap,Bagel Shop,Bagels & Beans,
4a2707c3f964a520bb8e1fe3,Bos en Lommer,Moderate,Vegetarian / Vegan Restaurant,De Vliegende Schotel,
4b6d5667f964a520a7712ce3,Bos en Lommer,Cheap,Bakery,Bakker v.d. Heijden,
50c37f48e4b0fb7143746fa7,Bos en Lommer,Moderate,Sushi Restaurant,Ocean Sushi,
54ce0591498e263faaaec65d,Bos en Lommer,Moderate,Turkish Restaurant,Meram Bos en Lommer,
4bd808c7f645c9b6dd04a7e0,Bos en Lommer,Cheap,Bakery,Bakkerij Basak,
4a27db7ef964a5201d941fe3,Bos en Lommer,Cheap,Fast Food Restaurant,KFC,1
4a27db23f964a52033921fe3,Bos en Lommer,Cheap,Chinese Restaurant,Wanica Exotics,
567889ca498e7572a9d0bb1b,Bos en Lommer,Moderate,Italian Restaurant,La Casa de Michael,
52a36a09498e67c535ed4cf8,Bos en Lommer,Moderate,Restaurant,Restaurant D.R.E.A.M.,
57c1bf11498e44750d9aa652,Bos en Lommer,Expensive,Gastropub,Bar Roseval,
4a27db23f964a5202f921fe3,Bos en Lommer,Cheap,Diner,Ufuk,
4b673009f964a52030402be3,Bos en Lommer,Cheap,Snack Place,Evert Snack,2
4bd4859429eb9c7483c091e1,Bos en Lommer,Moderate,Middle Eastern Restaurant,Döner Plaza,
4d1fac306e8c37040882f29f,Bos en Lommer,Cheap,Pizza Place,Domino's Pizza,2
587f5116abc6d61062b34472,Bos en Lommer,Cheap,Doner Restaurant,lezzet resturant,
4d0babbcd8d78cfaff731ebe,Bos en Lommer,Cheap,Pizza Place,Michelangelo,2
4d8f5fe5fa943704d6de18c6,Bos en Lommer,Cheap,Café,Cafe 't Binnepretje,
4ba26a58f964a520bff637e3,Bos en Lommer,Moderate,Asian Restaurant,Snackbar Desiree,
4d93042514228cfa118d587b,Bos en Lommer,Cheap,Bakery,Bakker Dekker,
4e957404e5fa7b6a9f1b98fe,Bos en Lommer,Cheap,Pizza Place,Steakhouse - Pizzeria,
4dfaf028d164f73de7cb911c,Bos en Lommer,Cheap,Bakery,Yildiz,
4b8a8f3ef964a520477232e3,Bos en Lommer,Cheap,Bakery,Bakkerij Bos en Lommerplein,
50abad85e4b02adc86239a1d,Bos en Lommer,Cheap,Café,Buongiorno Espressobar,
4df1ca8b1f6e818dadf99b6a,Bos en Lommer,Cheap,Chinese Restaurant,Saffron,2
4a2707bdf964a520ac8e1fe3,Bos en Lommer,Cheap,Chinese Restaurant,Golden Pauw,
4dd937f47d8b3226641ab75c,Bos en Lommer,Cheap,Snack Place,Snackbar Lale,
4d84dae240a7a35d7df813be,Bos en Lommer,Moderate,Korean Restaurant,akbarstraat,
4e513b70fa7626401ec28655,Bos en Lommer,Cheap,Snack Place,Olympic Eethuis,
54ef3b5e498ec36f92e51739,Bos en Lommer,Cheap,Sandwich Place,Lot's Toko,2
4a27db62f964a52080931fe3,Bos en Lommer,Cheap,Chinese Restaurant,Lei Ping,
4a27db7ff964a52021941fe3,Bos en Lommer,Cheap,Fast Food Restaurant,KFC,1
4c80ec4f2f1c236acd8a2a43,Bos en Lommer,Cheap,Bakery,Plooy brood & banket,
4d13b7286467f04d049d6122,Bos en Lommer,Cheap,Falafel Restaurant,Döner Plaza,
4cb9ba374495721e79f74b7a,Bos en Lommer,Moderate,Mediterranean Restaurant,Pamukkale,
4f1f017ee4b0fb1c97416e55,Bos en Lommer,Cheap,Café,Palet Cafe & Restaurant,
5162dcf2e4b00f78e68ebb36,Bos en Lommer,Cheap,Sandwich Place,Croissanterie Esoussi,
5172d623498e1d914eb98dff,Bos en Lommer,Cheap,Fast Food Restaurant,Cafetaria Roza,
4c188068fe5a76b0592a0215,Bos en Lommer,Cheap,Bakery,Bakkerij Hicret,2
4cd6f552886cb60c05a08c89,Bos en Lommer,Moderate,Japanese Restaurant,Golden Sushi,
4eba9ec59911cd1426d80f7c,Bos en Lommer,Cheap,Diner,Coco's Laan van Spartaan,
4d740091e278f04d68e551b8,Bos en Lommer,Cheap,Café,Café @020 Amsterdam,
4ba8b970f964a520d3e939e3,Buitenveldert - Zuidas,Expensive,Seafood Restaurant,Volendammer Vishandel Kroon,
4a7d2ae5f964a5208cee1fe3,Buitenveldert - Zuidas,Cheap,Deli / Bodega,Gusto di Casto,2
55200186498ebcff82f386f7,Buitenveldert - Zuidas,Cheap,Bakery,Le Pain Quotidien,
4b448b2ff964a52052f625e3,Buitenveldert - Zuidas,Cheap,Sandwich Place,Arie van de Raa,
4a2707def964a520128f1fe3,Buitenveldert - Zuidas,Cheap,Sandwich Place,Sandwichshop Sal-Meijer,
5ab40f95112c6c2eab8a5703,Buitenveldert - Zuidas,Moderate,Restaurant,Loetje Zuidas,
58f7b0c4b6eedb199708e155,Buitenveldert - Zuidas,Moderate,Sushi Restaurant,Izakaya Tanuki,
4a26ffbaf964a520c3801fe3,Buitenveldert - Zuidas,Moderate,Restaurant,Delikeet,
4a27db65f964a5208f931fe3,Buitenveldert - Zuidas,Moderate,South American Restaurant,Tjin's Exotische Broodjes,
4d766c2bb483a0934d9a9005,Buitenveldert - Zuidas,Moderate,Asian Restaurant,Oriental Restaurant Ruby,
579a35b8498ea61884d5cc1a,Buitenveldert - Zuidas,Cheap,Food Court,Market 33,3
59eb1111da2e006b9e2ae83d,Buitenveldert - Zuidas,Cheap,Breakfast Spot,The Breakfast Club,
56e06a67498e2d8eff7c994b,Buitenveldert - Zuidas,Moderate,Vietnamese Restaurant,Saigon Caphé,
57ee3af6498ede2cc0c47c38,Buitenveldert - Zuidas,Moderate,Japanese Restaurant,Sushilee,4
512606ffe4b0260fb512a1ed,Buitenveldert - Zuidas,Cheap,Breakfast Spot,Dagelijks Lekker,
4ccf08917c2ff04dbc24a87e,Buitenveldert - Zuidas,Expensive,French Restaurant,Bolenius,
4ba8a921f964a5204ee539e3,Buitenveldert - Zuidas,Cheap,Sandwich Place,B&B Catering Service,
56484d09498eb572f931570e,Buitenveldert - Zuidas,Cheap,Breakfast Spot,Bagels & Beans,
5820b22c2c0e815fbea34685,Buitenveldert - Zuidas,Cheap,Burger Joint,Grizzl,
5346d61e498e1d3e706bbd6a,Buitenveldert - Zuidas,Moderate,Indonesian Restaurant,Java Kuliner,
56c1b494cd10dd4573d37902,Buitenveldert - Zuidas,Cheap,Salad Place,Urban Salad,
4a2704c5f964a52027861fe3,Buitenveldert - Zuidas,Cheap,Salad Place,Mech Make & Take,
4bb2320342959c74c37e202c,Buitenveldert - Zuidas,Moderate,Italian Restaurant,Gustavino,
4a270756f964a520a38d1fe3,Buitenveldert - Zuidas,Expensive,French Restaurant,"Bar-Restaurant ""La Brochette""",
586f8c7c005a0f1e8faacff4,Buitenveldert - Zuidas,Moderate,Italian Restaurant,Trattoria That's Amore @Market 33,5
597b0ecaad17892e1418756f,Buitenveldert - Zuidas,Moderate,Sushi Restaurant,Mizu Bar,
4e89d87fb8033d1220e090da,Buitenveldert - Zuidas,Moderate,Sushi Restaurant,Hello Sushi,
4a270804f964a5207b8f1fe3,Buitenveldert - Zuidas,Moderate,Restaurant,Werelds,
539838be498e9adfe3e6f8c0,Buitenveldert - Zuidas,Cheap,Salad Place,SLA (Zuidas),
4ddb53c0c65b91557464b683,Buitenveldert - Zuidas,Cheap,Bakery,Bakker Jongejans,
5942b5bfa5a31510a921e104,Buitenveldert - Zuidas,Cheap,Persian Restaurant,Restaurant Rozengeur,
57506dd2498e823864c62a0f,Buitenveldert - Zuidas,Cheap,Bistro,Bistro G.P. Gelderlandplein,
4ee7cb468b81e9b756cd8017,Buitenveldert - Zuidas,Moderate,Italian Restaurant,Julia's,5
4f4d1b9ce4b0657aa4ec79f4,Buitenveldert - Zuidas,Moderate,Japanese Restaurant,Kagetsu III,
53735452498e7ed5bbf78d64,Buitenveldert - Zuidas,Moderate,Japanese Restaurant,Kenko Kitchen,5
5623d6dd498ed81ea15f2b0e,Buitenveldert - Zuidas,Cheap,Fast Food Restaurant,Grizzl,
54187eb7498e9dd6a628a1b4,Buitenveldert - Zuidas,Moderate,Asian Restaurant,Bambou Asian Street Food,
58e64084fda3d803e2a4e1a9,Buitenveldert - Zuidas,Moderate,Restaurant,Limon,
4dfe1a18483b96a3aaab6aa2,Buitenveldert - Zuidas,Moderate,Indian Restaurant,Curry Company,
51daec70498efc2f4647c00b,Buitenveldert - Zuidas,Moderate,Sushi Restaurant,Machiko,
4ea45194b6347b996893ad03,Buitenveldert - Zuidas,Cheap,Snack Place,Lunchroom Stars,
4a270870f964a520b6901fe3,Buitenveldert - Zuidas,Cheap,Pizza Place,New York Pizza Buitenveldert,
4a2704a0f964a520ca851fe3,Buitenveldert - Zuidas,Expensive,French Restaurant,Koetjes en Kalfjes,
559d0766498e477b98e8482e,Buitenveldert - Zuidas,Cheap,Café,Grand Cafe Mahler,
588133592896a20fc448935c,Buitenveldert - Zuidas,Expensive,Tapas Restaurant,Gordal,5
56ccbcd0cd106688bcf13ba9,Buitenveldert - Zuidas,Cheap,Bistro,The Place,
4a27075cf964a520ab8d1fe3,Buitenveldert - Zuidas,Very Expensive,Molecular Gastronomy Restaurant,Restaurant Halvemaan,4
528e5157498e6ae913a1b97c,Buitenveldert - Zuidas,Moderate,Restaurant,Nine,
4cf370006c29236a35dc70a2,Buitenveldert - Zuidas,Cheap,Falafel Restaurant,Snackcar S&C,
4a2704bdf964a52015861fe3,Buitenveldert - Zuidas,Moderate,Italian Restaurant,Pronto Italia,
5a7e009e8ad62e6d7017758b,Buitenveldert - Zuidas,Moderate,Thai Restaurant,Thai Curry House,
4da32befc6e96ea893b3e35d,Buitenveldert - Zuidas,Moderate,Middle Eastern Restaurant,Golan Grill,
4d5fb655e4fe54810d10779e,Buitenveldert - Zuidas,Moderate,Japanese Restaurant,"Restaurant ""sato""",
4e23da49fa761d671094794a,Buitenveldert - Zuidas,Cheap,Bakery,Bötcher's Broodboetiek,
4f0dde1be4b0d8e3c0ed816e,Buitenveldert - Zuidas,Moderate,Restaurant,one o one restaurant,
4f2857efe4b035ea3f21741b,Buitenveldert - Zuidas,Cheap,Food Truck,VU Snackwagen,
53c2d19b498e1c9f5c74fd43,Buitenveldert - Zuidas,Cheap,Buffet,Restaurant Vermaat AmsterdamUMC,
4f74600ae4b0da64df9f507d,Buitenveldert - Zuidas,Cheap,Bakery,Bakkerij Van Muyden,2
4a27db6ff964a520cd931fe3,Buitenveldert - Zuidas,Moderate,Middle Eastern Restaurant,Restaurant H'Baron,
5845684c01f07735acd4affd,Buitenveldert - Zuidas,Cheap,Bakery,Bakkerij Van Schaik,
514aae6fe4b08933ba4ebdea,Buitenveldert - Zuidas,Cheap,Breakfast Spot,Breakfast,
4a27db1af964a520ef911fe3,Buitenveldert - Zuidas,Cheap,Pizza Place,Pizza & Co,2
58737ce806f1a317cfb156d3,Buitenveldert - Zuidas,Moderate,Japanese Restaurant,Oishii Sushi,5
5ba9fe841b0ea500398d01b3,Buitenveldert - Zuidas,Cheap,Café,Vascobelo Cafe,
589b04c34ca49b64f853d832,Buitenveldert - Zuidas,Moderate,Vietnamese Restaurant,Hello Vietnam,
4d8ca881c1b1721e55b40546,Buitenveldert - Zuidas,Cheap,Café,Accenture Friday Drinks,
5b803354037be1002cf9f629,Buitenveldert - Zuidas,Cheap,Ramen Restaurant,Ramen Ramen,
4efc9b2de300d0dc30e1c203,Buitenveldert - Zuidas,Cheap,Snack Place,Smullers,2
5a9e8456947c052a9a7f7b7c,Buitenveldert - Zuidas,Moderate,Vegetarian / Vegan Restaurant,Circl Restaurant,
4c29b91cfe6e2d7ff238553c,Buitenveldert - Zuidas,Cheap,Cafeteria,Het Plein,
509b9c3be4b02b9bb332ab05,Buitenveldert - Zuidas,Moderate,Restaurant,La Place ABN Amro,
4b22be9cf964a520c54c24e3,Buitenveldert - Zuidas,Expensive,French Restaurant,Heat,
54982407498eea3f58b970ae,Buitenveldert - Zuidas,Cheap,Pizza Place,Domino's Pizza,2
56d49f13cd10d7d5a121dd0d,Buitenveldert - Zuidas,Cheap,Cafeteria,Deloitte Restaurant,2
56069829498e93568c6474ad,Buitenveldert - Zuidas,Expensive,Gastropub,Mason Street,
4a26ffc3f964a520e3801fe3,Buitenveldert - Zuidas,Cheap,Café,Dickys Grand Café,
4a27db1af964a520ec911fe3,Buitenveldert - Zuidas,Cheap,Sandwich Place,Broodje Tip Top,
4a26fff5f964a5209e811fe3,Buitenveldert - Zuidas,Expensive,Gastropub,The Basket,
4dd6be7ad4c05d5096d87020,Buitenveldert - Zuidas,Moderate,Restaurant,Le Debut,
59d7a59c6dcf0479c3446590,Buitenveldert - Zuidas,Cheap,Café,ravel,2
4d7df6e595c1a14318a3c7f2,Buitenveldert - Zuidas,Cheap,Sandwich Place,Lunch Uitgifte Poli VUmc,
51c959e9498e2806aedd32ec,Buitenveldert - Zuidas,Cheap,Café,Restaurant Polikliniek VUmc,
4a27081cf964a520af8f1fe3,Buitenveldert - Zuidas,Cheap,Chinese Restaurant,Tai Yuen,2
52dabde2498e516303dc5adc,Centrum-Oost,Moderate,Greek Restaurant,Morena aan de Amstel,
4a270770f964a520cc8d1fe3,Centrum-Oost,Expensive,French Restaurant,Restaurant Breitner,
4a2704b2f964a520ef851fe3,Centrum-Oost,Cheap,Soup Place,Soup en Zo,
4a2704bcf964a52010861fe3,Centrum-Oost,Cheap,Bagel Shop,Tony's NYC Bagel,
4a27db5ff964a52072931fe3,Centrum-Oost,Moderate,South American Restaurant,De Hapjeshoek,
54f5efa2498e33a9d04091e6,Centrum-Oost,Expensive,French Restaurant,Bistrot des Alpes,
55f9b364498e5a08ae9658d7,Centrum-Oost,Moderate,Restaurant,Guts and Glory,
54688c36498ed060c4727cc7,Centrum-Oost,Cheap,Salad Place,SLA,2
5087cddae4b095f041f95a35,Centrum-Oost,Moderate,Greek Restaurant,Bladerdeegspecialist,
5c4c592431fd14002ce5fa95,Centrum-Oost,Cheap,Lebanese Restaurant,The Lebanese Sajeria,
4a2707bbf964a520a58e1fe3,Centrum-Oost,Moderate,Thai Restaurant,"""Krua Thai"" Classic",
58865772072d6b4ef9dc0920,Centrum-Oost,Moderate,Greek Restaurant,Meat and Greek,4
59d3503e86f4cc4526530ad2,Centrum-Oost,Cheap,Creperie,MOAK Pancakes City Center,
5868ee590e0a1e3ff730f4cf,Centrum-Oost,Moderate,Restaurant,Living Kitchen,
5a53d1770531e81b856038b3,Centrum-Oost,Expensive,French Restaurant,212,
4a2705bbf964a520a4881fe3,Centrum-Oost,Moderate,Italian Restaurant,Puccini Espressobar,
54d7c7db498e446845a45fb3,Centrum-Oost,Moderate,Turkish Restaurant,Ali Ocakbaşı,
5305f11f11d2d3664fb633a2,Centrum-Oost,Moderate,Bakery,Bakhuys,
5b5ec9718c35dc002ce2dccd,Centrum-Oost,Very Expensive,Steakhouse,PAZ Open Fire Cooking,
52d05e18498e642c7c46fa56,Centrum-Oost,Expensive,French Restaurant,Restaurant Harmsen,
547eff1b498e5b3cf791de96,Centrum-Oost,Cheap,Café,Cafe Droog,2
4c4344b9af052d7f15218079,Centrum-Oost,Moderate,Mediterranean Restaurant,Olijfje,
51ab910f498ea24ac232196b,Centrum-Oost,Moderate,Italian Restaurant,Eatmosfera,5
5a57ea459e0d54787de9f53e,Centrum-Oost,Moderate,Vietnamese Restaurant,Pho King,
4a2707caf964a520cf8e1fe3,Centrum-Oost,Moderate,Restaurant,Aguada,
590c4ecfcad1b67f0cc84943,Centrum-Oost,Cheap,Breakfast Spot,Water & Brood,
4a27db6af964a520b3931fe3,Centrum-Oost,Cheap,Bistro,Bistro Bonjour,
4e99a6f7cc218247d96d2e82,Centrum-Oost,Expensive,Tapas Restaurant,Tapas Tia Rosa,
4b6424d7f964a52018a12ae3,Centrum-Oost,Moderate,Restaurant,De Utrechtsedwarstafel,
5a9aae1131ac6c42f49de86c,Centrum-Oost,Cheap,Breakfast Spot,Box Sociaal,2
4a27db39f964a520af921fe3,Centrum-Oost,Moderate,Sushi Restaurant,Tomo Sushi,
4be92f3b88ed2d7f6ea7cc1d,Centrum-Oost,Cheap,Deli / Bodega,Sterk Staaltje,
4a27db83f964a5203b941fe3,Centrum-Oost,Moderate,Bagel Shop,Bagels & Beans,
4d7a218c15958cfaf4251a25,Centrum-Oost,Moderate,Pizza Place,De Pizzabakkers,4
5373be32498ebc0f8a22f494,Centrum-Oost,Moderate,Restaurant,Spectrum,
58db90a900841a56e87b74f4,Centrum-Oost,Cheap,Sandwich Place,Adesso - Koffie & Broodjes,
4d3b2b9249cb236ab67ec147,Centrum-Oost,Expensive,French Restaurant,Amstel Bar & Brasserie,4
4d2309b08629224bbd0a2887,Centrum-Oost,Moderate,Restaurant,Senses,
4a2704a0f964a520c9851fe3,Centrum-Oost,Expensive,French Restaurant,La Rive,
540a0d3a498e86f0e4a8ae96,Centrum-Oost,Expensive,Restaurant,Café Restaurant De Plantage,
4a2704b3f964a520f1851fe3,Centrum-Oost,Cheap,Sandwich Place,Eetsalon Van Dobben,
4e3437c862845cff5a47b211,Centrum-Oost,Expensive,French Restaurant,Hoofdstad Brasserie,4
4a2704c8f964a52031861fe3,Centrum-Oost,Cheap,Bakery,Brezel,3
4a26ffb9f964a520c0801fe3,Centrum-Oost,Very Expensive,Steakhouse,De Nachtwacht,
4a26ff58f964a5202a7f1fe3,Centrum-Oost,Moderate,Café,Café de Jaren,
4a26ffc5f964a520ea801fe3,Centrum-Oost,Cheap,Irish Pub,Mulligans Irish Bar,
52f78dc5498eb24093d7e046,Centrum-Oost,Moderate,Japanese Restaurant,Ku Kitchen & Bar,
4a27db5cf964a5205f931fe3,Centrum-Oost,Moderate,Italian Restaurant,Incanto Restaurant,
4ee4db136c25be9630ca266e,Centrum-Oost,Cheap,Bakery,De Laatste Kruimel,
4d76451e004b3704e67a0094,Centrum-Oost,Moderate,Restaurant,Restaurant Gebr. Hartering,
5bd5f949898bdc002cb155dd,Centrum-Oost,Cheap,Snack Place,Bar Bitterbal,2
56220078498e71764f94c63a,Centrum-Oost,Cheap,Breakfast Spot,Bakers & Roasters,
528e64b5498e8e3d986ff89e,Centrum-Oost,Expensive,French Restaurant,Dik & Cunningham,4
4a270787f964a520218e1fe3,Centrum-Oost,Expensive,French Restaurant,Restaurant DenC,
4b47779af964a520ff3226e3,Centrum-Oost,Moderate,Argentinian Restaurant,La Parrillada,
560ed13f498e804a91eb8e17,Centrum-Oost,Cheap,Bistro,Bistro Baret,
59fb51402496233888174b85,Centrum-Oost,Cheap,Pizza Place,Sotto,2
4a2bbd19f964a520db961fe3,Centrum-Oost,Cheap,Breakfast Spot,Gartine,
4b2d1a84f964a5205dce24e3,Centrum-Oost,Expensive,Gastropub,Eetcafé Van Beeren,
5b0fa7e212f0a9002cb223cb,Centrum-Oost,Moderate,Restaurant,Bhatti Pasal,
4a27db11f964a520a5911fe3,Centrum-Oost,Moderate,African Restaurant,Kilimanjaro,
4e0f5097d22d8582bdc7c697,Centrum-Oost,Moderate,Sandwich Place,De Drie Graefjes,
514e0cbce4b0679548f4d62a,Centrum-Oost,Moderate,Restaurant,The Lobby,
4bd58edecfa7b71369ef25da,Centrum-Oost,Cheap,Sandwich Place,Lunchroom T,
4c13b1b682a3c9b633dcfbf8,Centrum-Oost,Moderate,Ethiopian Restaurant,Axum Ethiopisch Restaurant,
4a27db34f964a5208c921fe3,Centrum-Oost,Moderate,Spanish Restaurant,Pata Negra,
5c24d2a0e4c459002c9c4e72,Centrum-Oost,Moderate,Vegetarian / Vegan Restaurant,Vegan Junk Food Bar,
4a2707eef964a5203e8f1fe3,Centrum-Oost,Moderate,Asian Restaurant,Dynasty,
4a27082bf964a520c58f1fe3,Centrum-Oost,Moderate,Indian Restaurant,MadeWithLove by Tagore,
5511af71498e0f789cd84af2,Centrum-Oost,Moderate,Seafood Restaurant,The Seafood Bar,
4a26ff69f964a520857f1fe3,Centrum-Oost,Expensive,Swiss Restaurant,Eetcafé Bern,
4dfca962ae6033b2a4752d72,Centrum-Oost,Very Expensive,Molecular Gastronomy Restaurant,Bord'eau - Restaurant Gastronomique,
4ea6af0e30f8a6425f2b139a,Centrum-Oost,Moderate,Italian Restaurant,Al Bacaro,
4a2704cbf964a5203d861fe3,Centrum-Oost,Moderate,Friterie,Vlaams Friteshuis Vleminckx,
4d56ad41e7f1a1cd589309a5,Centrum-Oost,Moderate,Argentinian Restaurant,Castillo Tapas y Steaks,
4a26ff82f964a520f17f1fe3,Centrum-Oost,Moderate,Indonesian Restaurant,Café Kadijk,
4a27db29f964a52059921fe3,Centrum-Oost,Moderate,Café,Latei,
4a27db3ef964a520ca921fe3,Centrum-Oost,Cheap,Malay Restaurant,Nyonya Malaysia Restaurant,
4b586efef964a520855728e3,Centrum-Oost,Cheap,Food Truck,Frens Haringhandel,3
4b8a4fdaf964a520076832e3,Centrum-Oost,Expensive,Seafood Restaurant,Bridges Restaurant,
5325ee27498e9f92380d8ceb,Centrum-Oost,Cheap,Pizza Place,Pizza Heart,2
4a27db7ff964a52025941fe3,Centrum-Oost,Very Expensive,Steakhouse,Gauchos,5
4fad4aace4b0b0320d0f6186,Centrum-Oost,Cheap,Deli / Bodega,Il Sogno - The Italian Conceptstore,
4a26ff63f964a520697f1fe3,Centrum-Oost,Moderate,Café,Café van Kerkwijk,
4b06f081f964a52098f322e3,Centrum-Oost,Moderate,Thai Restaurant,OCHA,
4b52268af964a520b06b27e3,Centrum-Oost,Expensive,French Restaurant,Le Bouchon Du Centre,
5a35635ef8cbd40efcbdb6f5,Centrum-Oost,Cheap,Bistro,Restaurant Entrepot,
5336fe68498e18d7e65f5803,Centrum-Oost,Moderate,Burger Joint,Cannibale Royale,
4b753672f964a52046012ee3,Centrum-Oost,Cheap,Deli / Bodega,Vincent Kaas & Vlees,
4b365b91f964a520883325e3,Centrum-Oost,Cheap,Burger Joint,Burger Bar,2
4a270321f964a5208f841fe3,Centrum-Oost,Expensive,Gastropub,De Fles,
4a5c42f9f964a52038bc1fe3,Centrum-Oost,Moderate,Restaurant,De Ysbreeker,
53e8efc1498ea17469974c4b,Centrum-Oost,Moderate,Asian Restaurant,Wok to Walk,
4a2703c5f964a5205a851fe3,Centrum-Oost,Expensive,Italian Restaurant,Pasta e Basta,5
4a270771f964a520cf8d1fe3,Centrum-Oost,Moderate,Chinese Restaurant,FuLu Mandarijn Amsterdam,
4a270795f964a5204e8e1fe3,Centrum-Oost,Moderate,Italian Restaurant,d' Antica,
575fd7f2498e165ac9dfd14c,Centrum-Oost,Cheap,Buffet,La Place,
58efb3b3b1ec1314e6fe553e,Centrum-Oost,Moderate,Indonesian Restaurant,Mama Makan,
5698dc78498ec5d1e3f95278,Centrum-Oost,Moderate,Thai Restaurant,Thai Corner,
5300c685498ea24a97eca220,Centrum-Oost,Cheap,Café,Lavinia's Good Food,
53cefd14498e3d63c383f51a,Centrum-West,Very Expensive,Steakhouse,Black and Blue,
5130af56e4b0d576b5cc9d63,Centrum-West,Cheap,Café,Caffè Il Momento,
4d78d3bbc1d56ea88c0cd62b,Centrum-West,Cheap,Deli / Bodega,Pane & Olio,
4a2705c4f964a520c9881fe3,Centrum-West,Moderate,Café,Greenwoods,
567b4f68498ef1df24e0cef6,Centrum-West,Moderate,Restaurant,Restaurant Breda,
4eb97add30f8d0f18e0deee6,Centrum-West,Moderate,Thai Restaurant,Maenaam Thai,
4a27079bf964a5205d8e1fe3,Centrum-West,Moderate,Café,Winkel 43,4
4a43b1d7f964a520b0a61fe3,Centrum-West,Moderate,Pizza Place,La Perla,
55e5ff02498e9eb3a234f62c,Centrum-West,Expensive,French Restaurant,Kaagman & Kortekaas,
55523531498ee5528513f68e,Centrum-West,Moderate,Bistro,d&a Hummus Bistro,
54819cb3498e6ba0cc56c0e0,Centrum-West,Cheap,Café,Kessens,
4a270891f964a5201f911fe3,Centrum-West,Moderate,Spanish Restaurant,La Oliva,
52bed5d911d2b1fd3ef9cfbb,Centrum-West,Cheap,Salad Place,SLA,
558f09f7498e23c3e6e0ef1f,Centrum-West,Very Expensive,French Restaurant,The Duchess,
57b1acd7498e3d2a57c06292,Centrum-West,Cheap,Café,Pause,
4ac64d2cf964a5209bb320e3,Centrum-West,Moderate,Thai Restaurant,Kinnaree Thai Cuisine,
4ddd4365d164236dd3869215,Centrum-West,Cheap,Café,Café Sonneveld,
4bc8ad2caf07a593d765812d,Centrum-West,Cheap,Bistro,Boca's,4
55aa30fb498ee90cdafb1464,Centrum-West,Expensive,Seafood Restaurant,Urker Viswinkel,
4a27077ff964a520f68d1fe3,Centrum-West,Moderate,Thai Restaurant,Ko Chang,
50ae0f6ee4b0f104212a6fb2,Centrum-West,Cheap,Deli / Bodega,Caldi E Freddi,
4accfe24f964a52071ca20e3,Centrum-West,Moderate,Afghan Restaurant,Mantoe,
56070374498e2ffed0e3b817,Centrum-West,Expensive,Steakhouse,MR PORTER,
56978f7c498e5e76edf98958,Centrum-West,Expensive,French Restaurant,Jansz.,
5b918a0460d11b002c3228e1,Centrum-West,Moderate,Italian Restaurant,Cecconi’s,
5648c396498edda4852d4c23,Centrum-West,Moderate,Italian Restaurant,La Zoccola del Pacioccone,5
4a2703d7f964a52095851fe3,Centrum-West,Moderate,Restaurant,Vlaming eten & drinken,
4a27075ef964a520b78d1fe3,Centrum-West,Moderate,Italian Restaurant,Restaurant Bussia,
4a270000f964a520d2811fe3,Centrum-West,Cheap,Café,De Reiger,
528ff87411d210d051e4a62c,Centrum-West,Moderate,Café,Louis,
51b874d9498e4e1545e1bb48,Centrum-West,Cheap,Snack Place,Rob Wigboldus Vishandel,
4b7bd4c6f964a520c66f2fe3,Centrum-West,Cheap,Sandwich Place,t Kuyltje Belegde Broodjes,
53e0cca8498ed3c8aa65b287,Centrum-West,Moderate,Indian Restaurant,Ashoka Restaurant -Amsterdam Centrum,
4a27007ff964a5208f831fe3,Centrum-West,Moderate,Italian Restaurant,Koevoet,4
4a26ff5cf964a520467f1fe3,Centrum-West,Cheap,Café,Daalder,
4a2707bcf964a520a88e1fe3,Centrum-West,Expensive,French Restaurant,De Belhamel,
4a27089af964a52047911fe3,Centrum-West,Moderate,Japanese Restaurant,Japanese Pancake World,
562b4ea1498eacd806579d6d,Centrum-West,Expensive,Seafood Restaurant,Tijger & de Vis,
5a96f3562bf9a90623b897cc,Centrum-West,Cheap,Ramen Restaurant,Hinata Ramen,
4a27083ef964a5200e901fe3,Centrum-West,Moderate,Indonesian Restaurant,Terang Boelan,
4a270890f964a5201b911fe3,Centrum-West,Moderate,Italian Restaurant,Toscanini,
4a270795f964a520508e1fe3,Centrum-West,Moderate,Indian Restaurant,Shah Jahan,
561e39f5498e059a294a7913,Centrum-West,Cheap,Sandwich Place,Toastable,
4f770ac1e4b0294fd3b69735,Centrum-West,Moderate,Italian Restaurant,Salvatorica,5
504272e2183f6159b95afb8b,Centrum-West,Expensive,Tapas Restaurant,Ibericus,
4b55b2f8f964a5204dec27e3,Centrum-West,Cheap,Diner,Barney's Farm,
5347da9c498e82a712766f07,Centrum-West,Moderate,Sandwich Place,Het Stadspaleis,
5551e727498e96daebdb20e1,Centrum-West,Very Expensive,Steakhouse,Abinish,
554d32ea498e71de5dfe3dd4,Centrum-West,Moderate,Latin American Restaurant,Salmuera,
50058964e4b07a0720575441,Centrum-West,Moderate,Deli / Bodega,Vinnies,
4a9125bcf964a520ca1920e3,Centrum-West,Cheap,Bakery,Gebroeders Niemeijer,
4b261f15f964a520997824e3,Centrum-West,Cheap,Deli / Bodega,JWO Lekkernijen,
4bc35957b492d13a4f9ca860,Centrum-West,Cheap,Bistro,Bistrot Neuf,
5bdb2d856f0aa2002c8a5cc8,Centrum-West,Moderate,Italian Restaurant,Restaurant Domenica,
4e5a2f2d7d8b966a15d2c14b,Centrum-West,Cheap,Sandwich Place,Piqniq,
4a2700aff964a52012841fe3,Centrum-West,Moderate,Café,Café Harlem,
5c48c1ee492822002d02ce43,Centrum-West,Cheap,Udon Restaurant,Fou Fow Udon,
4a270797f964a520578e1fe3,Centrum-West,Cheap,Chinese Restaurant,Lucky House,
4a27db16f964a520ce911fe3,Centrum-West,Cheap,Sandwich Place,Broodje Bert,
55f45b52498eaff0955a7293,Centrum-West,Moderate,Restaurant,Venus & Adonis,
4a2704b9f964a52008861fe3,Centrum-West,Moderate,Burger Joint,Burger Bar,
5c79576a5315930039a13b46,Centrum-West,Expensive,Gastropub,The Black Dog,
58b1e6779dc8d02dc624a9c5,Centrum-West,Moderate,Italian Restaurant,Locanda,
4ea3437e9adff6343a082ee2,Centrum-West,Cheap,Comfort Food Restaurant,G's,
56195619498e8c61daae7a67,Centrum-West,Expensive,French Restaurant,Brasserie Ambassade,
4a2703ebf964a520b7851fe3,Centrum-West,Moderate,Sandwich Place,Small World Catering,
58387e93a6118c60b583b341,Centrum-West,Cheap,Lebanese Restaurant,The Lebanese Sajeria,4
4b101cd8f964a520446923e3,Centrum-West,Cheap,Deli / Bodega,Raïnaraï,
4a2703dbf964a520a2851fe3,Centrum-West,Moderate,Dutch Restaurant,Haesje Claes,
4b2b70bbf964a52067b624e3,Centrum-West,Moderate,Deli / Bodega,Foodware,
542ef5a3498e14ac517bee46,Centrum-West,Moderate,Ramen Restaurant,Fou Fow Ramen,
4a27077ff964a520f88d1fe3,Centrum-West,Moderate,Restaurant,Bordewijk,
57585706498e901b3e140940,Centrum-West,Moderate,Italian Restaurant,Lucca Due,
4aad17f4f964a5207c5e20e3,Centrum-West,Cheap,Sandwich Place,Il Tramezzino,
4c7f85ebfb74236ad038fab9,Centrum-West,Cheap,Deli / Bodega,Casa Bocage,
4b03f3a0f964a520a45022e3,Centrum-West,Cheap,Café,Kaldi,
4bccb642fb84c9b608e4203e,Centrum-West,Moderate,Pizza Place,Pazzi Italian Slow Food,4
4a2705c4f964a520c8881fe3,Centrum-West,Cheap,Sandwich Place,Broodje Mokum,
5900ec9898fbfc4fa94b2f39,Centrum-West,Moderate,Restaurant,Jacketz,
4b791f1af964a52035ec2ee3,Centrum-West,Cheap,Sandwich Place,Comestibles Kinders,
4a27083ff964a52013901fe3,Centrum-West,Cheap,Sandwich Place,Singel 404,
59de13b79de23b0861f74d29,Centrum-West,Cheap,Ramen Restaurant,Men Impossible,
4affc578f964a5200e3a22e3,Centrum-West,Cheap,Food Truck,Stubbe's Haring,
55c10ee5498ecb81fe809f9d,Centrum-West,Moderate,Breakfast Spot,Omelegg - City Centre,
57910d45498eeaf3c1c08128,Centrum-West,Moderate,Burger Joint,Cannibale Royale,
52360a4011d2a7e9888ca853,Centrum-West,Moderate,Italian Restaurant,Ava Cyrill İtaliaans Restaurant,5
4a2707dbf964a520088f1fe3,Centrum-West,Expensive,French Restaurant,Beulings,
4a270096f964a520c8831fe3,Centrum-West,Cheap,Café,Struik,
4a27db6ef964a520ca931fe3,Centrum-West,Moderate,Italian Restaurant,Vasso,4
4b754245f964a5202c032ee3,Centrum-West,Moderate,Vegetarian / Vegan Restaurant,Le Sud,
4a27006bf964a52061831fe3,Centrum-West,Moderate,Restaurant,Divan,
4a270752f964a520968d1fe3,Centrum-West,Expensive,French Restaurant,Restaurant Vinkeles,
559957ce498eb48bf7428bb6,Centrum-West,Moderate,Caribbean Restaurant,Plato Loco,
4a2704b4f964a520f2851fe3,De Aker - Nieuw Sloten,Cheap,Snack Place,De Patatza(a)k,
56cf529ccd108733cb9b7a64,De Aker - Nieuw Sloten,Cheap,Café,KEYF CAFE,
4a26ffd9f964a5203a811fe3,De Aker - Nieuw Sloten,Moderate,Restaurant,Restaurant De Halve Maen,
4a27db16f964a520d1911fe3,De Aker - Nieuw Sloten,Cheap,Chinese Restaurant,Royal Fook Long,
4c2f28dced37a59325be6603,De Aker - Nieuw Sloten,Moderate,Mediterranean Restaurant,Leziz Restaurant,
4a2707a9f964a520818e1fe3,De Aker - Nieuw Sloten,Moderate,Middle Eastern Restaurant,Syriana,
4a270794f964a5204a8e1fe3,De Aker - Nieuw Sloten,Moderate,Turkish Restaurant,Leziz Restaurant,
4b8ac3bcf964a520777f32e3,De Aker - Nieuw Sloten,Cheap,Deli / Bodega,Brasserie de Houten Klaas,
4bd457d977b29c74d76b9282,De Aker - Nieuw Sloten,Cheap,Fish & Chips Shop,Arie Haring,
4af4b830f964a52061f521e3,De Aker - Nieuw Sloten,Cheap,Café,Café Louman's Hoekje,2
4cffca66202e224b741ab02a,De Aker - Nieuw Sloten,Cheap,Food Truck,Be Fresh,
4a2704b6f964a520f9851fe3,De Aker - Nieuw Sloten,Moderate,Italian Restaurant,IL Delfino Blu,
4a270559f964a52094871fe3,De Aker - Nieuw Sloten,Cheap,Fast Food Restaurant,Snack City,2
4bb38efa14cfd13a9f3616ab,De Aker - Nieuw Sloten,Cheap,Snack Place,Cafetaria Eethuis Family,
4d865f8c509137048fbeaa5b,De Aker - Nieuw Sloten,Cheap,Pizza Place,Domino's Pizza,2
4c00b4e6df6c0f47bfdc8b22,De Aker - Nieuw Sloten,Cheap,Bakery,Bakkerij van Toor - de Aker,
52179bfd2fc6006ca445feae,De Aker - Nieuw Sloten,Cheap,Mexican Restaurant,Taco Mundo,
4b8c2719f964a520f7c032e3,De Aker - Nieuw Sloten,Moderate,Restaurant,Later aan het water,
4fa7a66ae4b0fd4c408c91d9,De Aker - Nieuw Sloten,Cheap,Bakery,hulleman Bakkerij,
4a270528f964a52012871fe3,De Aker - Nieuw Sloten,Cheap,Snack Place,Gill's Fastfood,
4ec56b5249017fff08fb9b2a,De Aker - Nieuw Sloten,Cheap,Snack Place,Snackbar Julias,
4a270753f964a5209a8d1fe3,De Aker - Nieuw Sloten,Cheap,Pizza Place,Restaurant Pizzeria il Paradiso,
517a60dae4b09f326e4d1417,De Aker - Nieuw Sloten,Moderate,Turkish Restaurant,Baklava Simit Plaza,
4a270850f964a5203a901fe3,De Pijp - Rivierenbuurt,Cheap,Pizza Place,Renato's Pizzeria,
544bfab4498e954e9483a4d6,De Pijp - Rivierenbuurt,Cheap,Middle Eastern Restaurant,Sir Hummus,
4a2700b0f964a52015841fe3,De Pijp - Rivierenbuurt,Cheap,Café,Café Dopey's Elixer,
4de1155745dd3eae877e2171,De Pijp - Rivierenbuurt,Moderate,Pizza Place,De Pizzakamer,
5548e3b0498eac5b17774b82,De Pijp - Rivierenbuurt,Moderate,Tapas Restaurant,Paskamer,
5266bc5811d28dd9db0f9c1b,De Pijp - Rivierenbuurt,Expensive,Restaurant,Restaurant Sinne,
58d503adca10707e57e52563,De Pijp - Rivierenbuurt,Moderate,Restaurant,Wijmpje Beukers,
4a2703c9f964a52069851fe3,De Pijp - Rivierenbuurt,Expensive,French Restaurant,Ciel Bleu Restaurant,
4ba38652f964a5204e4438e3,De Pijp - Rivierenbuurt,Moderate,Japanese Restaurant,Teppanyaki Restaurant Sazanka,
4a2704e5f964a52064861fe3,De Pijp - Rivierenbuurt,Moderate,South American Restaurant,Perry's Exotisch Food,
4e6df2f2d22d7dd4d9dc0c3f,De Pijp - Rivierenbuurt,Moderate,Indian Restaurant,Restaurant Surya,
512bf050e0e22f13624b5ecf,De Pijp - Rivierenbuurt,Moderate,Breakfast Spot,Omelegg - De Pijp,
4b044bcaf964a520035322e3,De Pijp - Rivierenbuurt,Cheap,Doner Restaurant,Leeman Döner,2
4a2703c7f964a5205f851fe3,De Pijp - Rivierenbuurt,Very Expensive,Japanese Restaurant,Yamazato,
4a885d9df964a520090620e3,De Pijp - Rivierenbuurt,Cheap,Pizza Place,MangiAncora,
587a7a264745864e1c42824e,De Pijp - Rivierenbuurt,Moderate,Indian Restaurant,Tulsi Indian Restaurant,
5b7da3abdab4b1002c8092ae,De Pijp - Rivierenbuurt,Moderate,Vegetarian / Vegan Restaurant,Meatless District De Pijp,
4f28505de4b0279eab47458a,De Pijp - Rivierenbuurt,Moderate,Italian Restaurant,Spaghetteria,4
564473b6498eef663c92aa3f,De Pijp - Rivierenbuurt,Cheap,Pizza Place,Sugo Pizza Al Taglio,
5499b85a498e3a87325c3d0b,De Pijp - Rivierenbuurt,Very Expensive,Steakhouse,Café Carbòn,
4a26ff5ff964a520567f1fe3,De Pijp - Rivierenbuurt,Expensive,French Restaurant,Reuring,
4e3eba0ab0fb875af872d886,De Pijp - Rivierenbuurt,Moderate,Italian Restaurant,Volt,
4f896e30a17c575ae00f8546,De Pijp - Rivierenbuurt,Moderate,Restaurant,Little Collins,4
4bcef4cc68f976b007c26683,De Pijp - Rivierenbuurt,Cheap,Bakery,Patisserie Kwekkeboom Amsterdam,
523c805f11d236ac7b6c3cad,De Pijp - Rivierenbuurt,Moderate,Italian Restaurant,Rosticceria Italiana,
5a14377f28374e648ad1c6df,De Pijp - Rivierenbuurt,Cheap,Food Stand,Rudi's Original Stroopwafels,
56bca295498e63a7bfc4dea9,De Pijp - Rivierenbuurt,Cheap,Breakfast Spot,The Meets,2
551af772498eb8a27bb29a63,De Pijp - Rivierenbuurt,Moderate,Japanese Restaurant,EN Japanese Kitchen @ Sake Bar,
4a85a430f964a520bbfe1fe3,De Pijp - Rivierenbuurt,Moderate,Italian Restaurant,Fa. Pekelhaaring,5
516d61aee4b0629384172dd4,De Pijp - Rivierenbuurt,Cheap,Sandwich Place,Pasticceria,
54317eb8498efe7960d511fc,De Pijp - Rivierenbuurt,Moderate,Middle Eastern Restaurant,ManaMana,3
4bffd9cac30a2d7fd888111d,De Pijp - Rivierenbuurt,Moderate,Indonesian Restaurant,Restaurant Dèsa,
4a2704a0f964a520cb851fe3,De Pijp - Rivierenbuurt,Moderate,Moroccan Restaurant,Couscous Club,
4e7b830162e12bdbfdfefa04,De Pijp - Rivierenbuurt,Moderate,Indian Restaurant,Pind Punjabi,
537cdbcc498e976c85be52a5,De Pijp - Rivierenbuurt,Moderate,Vietnamese Restaurant,Pho 91,
5544e437498e89680c87d3a5,De Pijp - Rivierenbuurt,Expensive,Seafood Restaurant,Brut de Mer,
4b549c23f964a52089c227e3,De Pijp - Rivierenbuurt,Moderate,Asian Restaurant,Indo Jaya,
4d6f6d821fe62d4360a31922,De Pijp - Rivierenbuurt,Moderate,Japanese Restaurant,Taste of Okura,
4a270839f964a520fd8f1fe3,De Pijp - Rivierenbuurt,Moderate,South American Restaurant,Warung Marlon,
56e3facf498e9bb93d081c52,De Pijp - Rivierenbuurt,Cheap,Hot Dog Joint,Bulls and Dogs,
570fcdc6498ef98443eb7498,De Pijp - Rivierenbuurt,Moderate,Japanese Restaurant,Onigiri Ya!,
4c9dd29c46978cfafc3a9b7f,De Pijp - Rivierenbuurt,Cheap,Food Court,De Turk,
539cd331498e07c134702799,De Pijp - Rivierenbuurt,Cheap,Friterie,Par Hasard,
591c846cff1902302f13a7b3,De Pijp - Rivierenbuurt,Expensive,Seafood Restaurant,Bar Fisk,
4f7ebc4ae4b074f70d5cf87b,De Pijp - Rivierenbuurt,Cheap,Food Truck,Brouwer - Goudse Stroopwafels,
51e44163498ea9394884c083,De Pijp - Rivierenbuurt,Moderate,Salad Place,SLA,
53541af5498eebb09d99f084,De Pijp - Rivierenbuurt,Moderate,Italian Restaurant,Casa Nostra,
5809097f38fa964fcbea75d9,De Pijp - Rivierenbuurt,Cheap,Ramen Restaurant,Sapporo Ramen Sora,
555380e1498e9eb406b20054,De Pijp - Rivierenbuurt,Cheap,Café,De Bicker,
4b2cd693f964a520c5c924e3,De Pijp - Rivierenbuurt,Cheap,Deli / Bodega,Tjin's Toko,2
4b6186f7f964a520e3162ae3,De Pijp - Rivierenbuurt,Cheap,Bakery,BBROOD,
513a17e6e4b08d57cd2d3346,De Pijp - Rivierenbuurt,Moderate,Moroccan Restaurant,Restaurant MOZO,
580a412c38fa220b1ac0dcf3,De Pijp - Rivierenbuurt,Very Expensive,Steakhouse,Loetje de Pijp,5
57fd1114498ea8c2e605a55c,De Pijp - Rivierenbuurt,Expensive,French Restaurant,Arles,
4a75d826f964a52068e11fe3,De Pijp - Rivierenbuurt,Cheap,Falafel Restaurant,Sonny Falafel,
4b447e1af964a52090f525e3,De Pijp - Rivierenbuurt,Cheap,Deli / Bodega,Feduzzi Mercato Italiano,
55cf8858498ed4b63ba2e2a5,De Pijp - Rivierenbuurt,Moderate,Japanese Restaurant,De Japanner,5
5b749a32791871002c2e4e11,De Pijp - Rivierenbuurt,Cheap,Breakfast Spot,FACTORY GIRL,
56c45143cd1018bd865e8974,De Pijp - Rivierenbuurt,Cheap,Sandwich Place,Greg Monsieur,
4a2707c4f964a520c28e1fe3,De Pijp - Rivierenbuurt,Moderate,Mediterranean Restaurant,Orontes,
4d220fb6dd6a236a2fc54438,De Pijp - Rivierenbuurt,Expensive,French Restaurant,Serre Restaurant,
4a2707fdf964a520688f1fe3,De Pijp - Rivierenbuurt,Moderate,Italian Restaurant,Il Cavallino,
4f91796ee4b0d5d7897f3a13,De Pijp - Rivierenbuurt,Moderate,Deli / Bodega,De Wasserette,
5826e9ce7c74e11cb151c278,De Pijp - Rivierenbuurt,Moderate,Vegetarian / Vegan Restaurant,H/EART.H,
4e3aca351f6e7952f32b0f67,De Pijp - Rivierenbuurt,Moderate,Italian Restaurant,Pomorosso,4
4a27089af964a52043911fe3,De Pijp - Rivierenbuurt,Moderate,Argentinian Restaurant,Mi Sueno,
4a2704b7f964a520fd851fe3,De Pijp - Rivierenbuurt,Cheap,Bagel Shop,Bagels & Beans,
52b5908e498e25b1fd6f7a11,De Pijp - Rivierenbuurt,Moderate,Italian Restaurant,Pasta Pasta,
57f9096d498ed8acdc7eb850,De Pijp - Rivierenbuurt,Cheap,Bistro,Vinnie's,
556601e8498e9de3161bd7ea,De Pijp - Rivierenbuurt,Moderate,Burger Joint,Cannibale Royale,3
4ec68d29e5fa232a7403b7f5,De Pijp - Rivierenbuurt,Cheap,Snack Place,Churchill - Vlaamse Frites,2
527fcada11d2710a234f2d8d,De Pijp - Rivierenbuurt,Moderate,Salad Place,Venkel,
4a27088cf964a52013911fe3,De Pijp - Rivierenbuurt,Moderate,Ethiopian Restaurant,Azmarino,
4a27083df964a52007901fe3,De Pijp - Rivierenbuurt,Cheap,Indonesian Restaurant,Warung Spang Makandra,
4a27088cf964a52016911fe3,De Pijp - Rivierenbuurt,Moderate,Sushi Restaurant,Kaiko,
576c23db498e0a8a3e7b0090,De Pijp - Rivierenbuurt,Expensive,French Restaurant,Auberge Jean & Marie,
59c28c2d28122f7d4f9a2dcc,De Pijp - Rivierenbuurt,Moderate,Vegetarian / Vegan Restaurant,Vegan Junk Food Bar,
57121aa0498eabd0f627a1ba,De Pijp - Rivierenbuurt,Expensive,Seafood Restaurant,The Seafood Bar,
5059f4c4e4b0a3bd55f0793a,De Pijp - Rivierenbuurt,Moderate,South American Restaurant,Roopram,
4fba1adee4b06ef132bb4a5e,De Pijp - Rivierenbuurt,Moderate,Burger Joint,The Butcher,4
4a27db16f964a520cc911fe3,De Pijp - Rivierenbuurt,Moderate,Middle Eastern Restaurant,Zagros,
589319d903cf25555c11218f,De Pijp - Rivierenbuurt,Cheap,Salad Place,Sushito,
4a270890f964a52019911fe3,De Pijp - Rivierenbuurt,Expensive,French Restaurant,Zaza's,4
524095b604930b9d252777d2,De Pijp - Rivierenbuurt,Cheap,Café,TRUST,
4e05ddb414959022c88c2dc9,De Pijp - Rivierenbuurt,Cheap,Bakery,De Bakkerswinkel,
4fb15a22e4b01d7a90f92dbc,De Pijp - Rivierenbuurt,Moderate,Sushi Restaurant,Ikura,
4dbea1ec4df044e525163cf9,De Pijp - Rivierenbuurt,Cheap,Café,Café Schilders,
4a2703cff964a5207b851fe3,De Pijp - Rivierenbuurt,Moderate,Mediterranean Restaurant,Restaurant Saray,
5a0f326abfc6d02bea731af5,De Pijp - Rivierenbuurt,Cheap,Ramen Restaurant,Ramen Izakaya Sora,
574dae59498eaa071efeaba8,De Pijp - Rivierenbuurt,Cheap,Pizza Place,Pizza Bar Loulou,2
4a270001f964a520d5811fe3,De Pijp - Rivierenbuurt,Moderate,Mediterranean Restaurant,Bazar,
4eec7ee2aa1f98ce649a7c10,De Pijp - Rivierenbuurt,Moderate,Gastropub,GOOS,
5167ec43498e4dd8f8e19275,De Pijp - Rivierenbuurt,Moderate,Breakfast Spot,Bakers & Roasters,
50006bece4b0fbfbe8d875ac,De Pijp - Rivierenbuurt,Moderate,Turkish Restaurant,Bakkerij Lavina,
4a27075ff964a520ba8d1fe3,De Pijp - Rivierenbuurt,Moderate,Vegetarian / Vegan Restaurant,Betty's,
566349da498efe11ebff7f25,De Pijp - Rivierenbuurt,Moderate,South American Restaurant,Calle Ocho,
54d7aad9498ead5140a8f17c,De Pijp - Rivierenbuurt,Moderate,Italian Restaurant,l'Angolo,
4a2707bbf964a520a38e1fe3,De Pijp - Rivierenbuurt,Moderate,Vegetarian / Vegan Restaurant,Waaghals,
587fbdf08cb34e771add428b,De Pijp - Rivierenbuurt,Moderate,Italian Restaurant,Impero Romano,
4a27051ff964a520fd861fe3,De Pijp - Rivierenbuurt,Moderate,Thai Restaurant,Kong Kha,
4a27db6ef964a520c5931fe3,Gaasperdam - Driemond,Cheap,Chinese Restaurant,Lucky Garden,
4a27055df964a5209e871fe3,Gaasperdam - Driemond,Cheap,Snack Place,Cafetaria 't Gein,2
4da94dc843a1128196d9f12e,Gaasperdam - Driemond,Cheap,Bakery,Bakkerij Bouwman,
4bc8378c14d79521c3a868e9,Gaasperdam - Driemond,Cheap,Bakery,Bakker Jongejans,
4a2704b2f964a520ee851fe3,Gaasperdam - Driemond,Cheap,Snack Place,Cafetaria Merksnacks Reigersbos,
5b31b871531593002cd25474,Gaasperdam - Driemond,Cheap,Pizza Place,New York Pizza,
4c63d7c286b6be9ab0758f34,Gaasperdam - Driemond,Expensive,Seafood Restaurant,Vishandel E Koning,
4a270833f964a520e78f1fe3,Gaasperdam - Driemond,Moderate,Asian Restaurant,Chen's Corner,
4a270884f964a52004911fe3,Gaasperdam - Driemond,Moderate,Italian Restaurant,Eetland,
4d03e56a0e49721edfcc6d7f,Gaasperdam - Driemond,Cheap,Pizza Place,New York Pizza Reigersbos,2
4e4039251495bf24a5fe25da,Geuzenveld - Slotermeer,Cheap,Turkish Restaurant,Meram West,
538a0e30498ed108270fe9a8,Geuzenveld - Slotermeer,Moderate,Turkish Restaurant,Havzan,
4a27077df964a520f18d1fe3,Geuzenveld - Slotermeer,Moderate,Turkish Restaurant,Konak Restaurant,
592078eaa8eb605d2f97464a,Geuzenveld - Slotermeer,Cheap,Kebab Restaurant,Kebapçı Amsterdam,
58064a6938fac35afbef65ec,Geuzenveld - Slotermeer,Cheap,Café,Westside Slotermeer,
4fe4a810e4b0ab54eaaf2e9f,Geuzenveld - Slotermeer,Moderate,Restaurant,Hotel Buiten,
561ed816498e17ea4b895d27,Geuzenveld - Slotermeer,Moderate,Turkish Restaurant,BeyMen Restaurant Café & Club,
54e3af58498e70c66ede1c92,Geuzenveld - Slotermeer,Cheap,Fast Food Restaurant,halal fried chicken (HFC),
4a27077ef964a520f38d1fe3,Geuzenveld - Slotermeer,Moderate,Greek Restaurant,Grieks Specialiteitenrestaurant Plato,
4a270562f964a520af871fe3,Geuzenveld - Slotermeer,Cheap,Snack Place,Febo,2
527e3eb6498ece934090164c,Geuzenveld - Slotermeer,Cheap,Café,Coffeemania Slotermeer,
4c2238cd13c00f47a71d87de,Geuzenveld - Slotermeer,Moderate,Turkish Restaurant,Döner Plaza,
5725fe3a38fa6e0abae6b0a6,Geuzenveld - Slotermeer,Cheap,Bakery,Bakkerij Derya,
4c8b6bfe9ef0224b75ea637b,Geuzenveld - Slotermeer,Cheap,Food Truck,"t Praathuis, Snackkar op de markt",
514ed3fbe4b05b70c72e08d1,Geuzenveld - Slotermeer,Moderate,Restaurant,Restaurant Blue Square Hotel,
5980e58f780eee63cc1122ba,Geuzenveld - Slotermeer,Cheap,Burger Joint,Meram Burger,
582496562db9f377b93478f0,Geuzenveld - Slotermeer,Cheap,Fast Food Restaurant,Halal Fried Chicken,
4a27db20f964a5201c921fe3,Geuzenveld - Slotermeer,Cheap,Falafel Restaurant,Toetanchamon,
5bc2412bf2554e002c9d0f63,Geuzenveld - Slotermeer,Cheap,Kebab Restaurant,Antep Kebap by Serifoglu,
5c992165e1f228002c898f01,Geuzenveld - Slotermeer,Moderate,Turkish Restaurant,Istanbul Steak House,
4c4335b2cc410f47fddaad61,Geuzenveld - Slotermeer,Moderate,Italian Restaurant,Bella Vita,
4c2af7e1197e95214f99628d,Geuzenveld - Slotermeer,Cheap,Fast Food Restaurant,De Rotonde kebab lunchroom,
5187bc4a498e1d857374c3b8,Geuzenveld - Slotermeer,Cheap,Cigkofte Place,Cigköftem,
51111987e4b042d4c503d93d,Geuzenveld - Slotermeer,Cheap,Falafel Restaurant,Göreme,
51d806e4498e240a637110b8,Geuzenveld - Slotermeer,Cheap,Bakery,Makara Amsterdam,
59c1016ea0215b6296357c2a,Geuzenveld - Slotermeer,Cheap,Doner Restaurant,Göreme Lunchroom,
4c59933e2091a593c22f5dd0,Geuzenveld - Slotermeer,Cheap,Pizza Place,New York Pizza Company,
584d9c4bf68d8d25ca73f129,Geuzenveld - Slotermeer,Cheap,Cantonese Restaurant,Choi Yuen,
586e62f6dad263547fa7996d,Geuzenveld - Slotermeer,Cheap,Burger Joint,hbc,
50c5df7ce4b0bd0f658043e4,Geuzenveld - Slotermeer,Cheap,Pizza Place,Kapadokya eethuis,2
4bda9c1d3904a593eade469e,Geuzenveld - Slotermeer,Cheap,Bakery,Bermo Bakkerij,
50642b3de4b06c3a2cb4e951,Geuzenveld - Slotermeer,Cheap,Bakery,Bakkerij Bereket,
57121b4b498e3021c2b4faa9,IJburg - Zeeburgereiland,Moderate,Italian Restaurant,Il Sogno,
4e6b1a43aeb7c31e435a9d14,IJburg - Zeeburgereiland,Cheap,Bagel Shop,Bagels & Beans,
4a270782f964a520098e1fe3,IJburg - Zeeburgereiland,Moderate,Italian Restaurant,Bloem op IJburg,
4a270774f964a520dd8d1fe3,IJburg - Zeeburgereiland,Moderate,Greek Restaurant,Grieks Restaurant I-Grec,
4e246becfa761d671099a2ba,IJburg - Zeeburgereiland,Moderate,Asian Restaurant,Mchi,
4ab5154ff964a520587220e3,IJburg - Zeeburgereiland,Moderate,Bistro,Restaurant NAP,
4f867969e4b095775b7cef8a,IJburg - Zeeburgereiland,Cheap,Bakery,Vinny's Bakery,
4a2704eff964a52085861fe3,IJburg - Zeeburgereiland,Cheap,Fast Food Restaurant,Gill's Fastfood,
4a27082ff964a520d78f1fe3,IJburg - Zeeburgereiland,Cheap,Chinese Restaurant,Gouden Kom,
4c31dadd7cc0c9b66c55ef9a,IJburg - Zeeburgereiland,Moderate,Turkish Restaurant,Merza,
52c546b3498e24239555edca,IJburg - Zeeburgereiland,Moderate,Mediterranean Restaurant,Keuken van Levant,
583aa5196d632566862bf4d8,IJburg - Zeeburgereiland,Cheap,Bakery,De Bakkersfiets,
53c8153b498e6bd724c374fe,IJburg - Zeeburgereiland,Moderate,Sushi Restaurant,suzushi,
51f29efa498edc5ec65fa42c,IJburg - Zeeburgereiland,Cheap,Pizza Place,Pizzeria IJburg,
4dfb929218386e743d98a724,IJburg - Zeeburgereiland,Cheap,Food,Family Diner,
4b533f30f964a520ef9327e3,IJburg - Zeeburgereiland,Cheap,Snack Place,Family Snackbar,
4a2707ecf964a520368f1fe3,Noord-Oost,Moderate,Indonesian Restaurant,Indonesisch Restaurant Puspita,
56a6314e498e7643ac5de705,Noord-Oost,Cheap,Fried Chicken Joint,Halal Fried Chicken Amsterdam-Noord,
51d15ff6498e1c66f569c18f,Noord-Oost,Cheap,Bakery,De lekkere dingen bakker,
4b97b696f964a5203e1135e3,Noord-Oost,Expensive,Seafood Restaurant,Spankeren Visspecialiteiten,
4bddaec6e75c0f47932cc503,Noord-Oost,Cheap,Snack Place,Emos Doner,
4eb2b7e9490126a570591046,Noord-Oost,Moderate,Indonesian Restaurant,Toko Joyce,
51fbd7cf498ee2ffc899dec3,Noord-Oost,Cheap,Snack Place,Febo,
4e3ac7a32271ead2c0f42b9c,Noord-Oost,Cheap,Bakery,Bakkerij Kees Gutter,
4a27005bf964a52031831fe3,Noord-Oost,Cheap,Snack Place,Snackbar de Boei,
4a2707c9f964a520c88e1fe3,Noord-Oost,Cheap,Sandwich Place,Mike's Brasserie,
4d871a1ee83fa1435dc79ca1,Noord-Oost,Cheap,Brasserie,Brasserie Roezemoes,
4e0dd759fa76d62f44424d7c,Noord-Oost,Cheap,Diner,Brasserie 't Plein,
4c793020794e224ba4786428,Noord-Oost,Cheap,Snack Place,FrietPlaza,
4c87c0c40dcb8cfa528e3d68,Noord-West,Cheap,Chinese Restaurant,Far East Culinair City,
4a27db81f964a52034941fe3,Noord-West,Cheap,Fast Food Restaurant,McDonald's,2
4f240227e4b08842e38c6762,Noord-West,Cheap,Bakery,Lekkere Dingen Bakker,
4f8709dbe4b01832039ccb02,Noord-West,Moderate,Restaurant,De Buren,
4a270332f964a520c1841fe3,Noord-West,Cheap,Diner,De Brasserie i.o.,
54634651498eb8c45094c082,Oostelijk Havengebied - Indische Buurt,Moderate,Italian Restaurant,La Fucina,4
5b2fccf72db4a9002cd42afd,Oostelijk Havengebied - Indische Buurt,Cheap,Café,Superette,
4bbf4f2b30c99c7427ee5411,Oostelijk Havengebied - Indische Buurt,Expensive,Modern European Restaurant,Wilde Zwijnen,
56f6d944cd1083ad490587ce,Oostelijk Havengebied - Indische Buurt,Moderate,Turkish Restaurant,Koksmuts Cinar,
51af45ee498ec76ec5775da2,Oostelijk Havengebied - Indische Buurt,Moderate,Australian Restaurant,DroversDog,
5aa808cb95da0c33367bbe34,Oostelijk Havengebied - Indische Buurt,Cheap,Burger Joint,Burger 'n Shake,
5989ba29d69ed03866e1fb9a,Oostelijk Havengebied - Indische Buurt,Moderate,Middle Eastern Restaurant,Nour,
4d823d85bede5481392a0ed1,Oostelijk Havengebied - Indische Buurt,Moderate,Thai Restaurant,Thai Tiger,
55239a2d498e7ad873f8cce3,Oostelijk Havengebied - Indische Buurt,Moderate,Italian Restaurant,Gallizia,
4b751a2ff964a520fcfd2de3,Oostelijk Havengebied - Indische Buurt,Cheap,Bakery,De Bakker van Oost,
4a27db19f964a520eb911fe3,Oostelijk Havengebied - Indische Buurt,Moderate,Eastern European Restaurant,Antep Sofrasi,
565b39c0498e1cb0227d02fe,Oostelijk Havengebied - Indische Buurt,Moderate,Vegetarian / Vegan Restaurant,Komagene,
538a2566498e8301b3168f6f,Oostelijk Havengebied - Indische Buurt,Moderate,Modern European Restaurant,Walter's - The Walter Woodbury Bar,
4b893ec8f964a520a42532e3,Oostelijk Havengebied - Indische Buurt,Cheap,Bakery,Saray eethuis,
54ecc6e5498e12a95dc8b9ba,Oostelijk Havengebied - Indische Buurt,Expensive,Tapas Restaurant,Eetbar (Wilde Zwijnen),
5470dcce498e45b94ae592ed,Oostelijk Havengebied - Indische Buurt,Moderate,Asian Restaurant,Vijfnulvijf,
4ab10b25f964a520da6720e3,Oostelijk Havengebied - Indische Buurt,Cheap,Deli / Bodega,Oceaan Deli,
5ca7171d7564f7002cc8e38e,Oostelijk Havengebied - Indische Buurt,Cheap,Café,Baretto,
4b194603f964a5204ada23e3,Oostelijk Havengebied - Indische Buurt,Expensive,French Restaurant,Restaurant Pompstation,
4c0a86f6340720a1608d8693,Oostelijk Havengebied - Indische Buurt,Moderate,Middle Eastern Restaurant,Star BBQ,
569ca017498e2a9e1028d10f,Oostelijk Havengebied - Indische Buurt,Cheap,Deli / Bodega,De Pindakaaswinkel,
4a27086ef964a520ae901fe3,Oostelijk Havengebied - Indische Buurt,Moderate,Restaurant,Het Badhuis,
57925fcecd10f4e2481e2a33,Oostelijk Havengebied - Indische Buurt,Moderate,Restaurant,Visbar Beet,
57eeb952498ed4d9085efa38,Oostelijk Havengebied - Indische Buurt,Moderate,Turkish Restaurant,Nefis Houtoven,
54e4b3c0498edfbffd9f2d14,Oostelijk Havengebied - Indische Buurt,Moderate,Thai Restaurant,Boi Boi,
528de58211d234087cb78496,Oostelijk Havengebied - Indische Buurt,Cheap,Food Truck,Beste Döner,
59c3ea46bb8d3664aa1faa7f,Oostelijk Havengebied - Indische Buurt,Cheap,Fondue Restaurant,Fondue Oost,
5ad34b154a1cc0082b41edef,Oostelijk Havengebied - Indische Buurt,Moderate,Vegetarian / Vegan Restaurant,Vegan Junk Food Bar,
57cee8b8498eb5f6eabeb4ec,Oostelijk Havengebied - Indische Buurt,Moderate,Restaurant,"Olie & zo, eten & drinken",
557c68ef498e50ed05d1693e,Oostelijk Havengebied - Indische Buurt,Moderate,Restaurant,Instock,
4a270564f964a520b4871fe3,Oostelijk Havengebied - Indische Buurt,Cheap,Snack Place,Febo,
59f5c6fa81635b6a6315e838,Oostelijk Havengebied - Indische Buurt,Moderate,Middle Eastern Restaurant,D&A Hummus Bistro,
54e2314b498e6c6790ffa4ac,Oostelijk Havengebied - Indische Buurt,Cheap,Taco Place,The Burrito Maker,
4a270089f964a520a9831fe3,Oostelijk Havengebied - Indische Buurt,Moderate,Asian Restaurant,Sweet Asia,
4a270091f964a520b6831fe3,Oostelijk Havengebied - Indische Buurt,Cheap,North Indian Restaurant,Lalla Rookh,
5241cfdc498e608886bef362,Oostelijk Havengebied - Indische Buurt,Moderate,Italian Restaurant,Dappertutto,
4a270527f964a5200e871fe3,Oostelijk Havengebied - Indische Buurt,Moderate,Restaurant,Restaurant Mesken,
5764fb8c498ed9f89c72ab35,Oostelijk Havengebied - Indische Buurt,Cheap,Breakfast Spot,Brunchroom,
5baa8a63031320002c3d5099,Oostelijk Havengebied - Indische Buurt,Moderate,Mediterranean Restaurant,Dimitri’s,
4a26ffcbf964a5200b811fe3,Oostelijk Havengebied - Indische Buurt,Moderate,Turkish Restaurant,Kervan,
5819cc1fd0dd22397f9563c2,Oostelijk Havengebied - Indische Buurt,Cheap,Café,NewWerktheater,
4a270897f964a52031911fe3,Oostelijk Havengebied - Indische Buurt,Moderate,Italian Restaurant,Mondo Mediterraneo,
4b66ecd8f964a52098302be3,Oostelijk Havengebied - Indische Buurt,Moderate,Gastropub,Bar Langendijk,
4d9214b680d33704288dab06,Oostelijk Havengebied - Indische Buurt,Cheap,Chinese Restaurant,Chinees Specialiteiten Restaurant Havenstad,
4ea5a5c8722ec75adfa793a7,Oostelijk Havengebied - Indische Buurt,Cheap,Deli / Bodega,Olie & zo,
4dea7f38d164ef597cecfbf5,Oostelijk Havengebied - Indische Buurt,Moderate,African Restaurant,Serengeti,
4bc308a3920eb71383d81c2c,Oostelijk Havengebied - Indische Buurt,Moderate,Restaurant,Rosa & Rita,
4a270028f964a52071821fe3,Oostelijk Havengebied - Indische Buurt,Moderate,Restaurant,Boulevard Café,
5820bf2e0d63b178d2b477c8,Oostelijk Havengebied - Indische Buurt,Cheap,Buffet,Spirit Amsterdam,
4a26ffd3f964a52023811fe3,Oostelijk Havengebied - Indische Buurt,Expensive,Gastropub,De Nieuwe KHL,
4e78783d45ddedd585eebacc,Oostelijk Havengebied - Indische Buurt,Moderate,Spanish Restaurant,Puerto Pata Negra,
59b16dcf1f8ed60cb2c1578c,Oostelijk Havengebied - Indische Buurt,Expensive,Gastropub,Bar Czaar,5
5b37389897cf5a0039488663,Oostelijk Havengebied - Indische Buurt,Moderate,Restaurant,De Kop Van Oost,
58dbea979dc8d026db999c52,Oostelijk Havengebied - Indische Buurt,Cheap,Austrian Restaurant,Schnitzel und Weizen,
55f95561498ebcae6b8ab0e8,Oostelijk Havengebied - Indische Buurt,Moderate,BBQ Joint,Kwalitaria Brazilie Shopping Center,
4b6db76bf964a5202f892ce3,Oostelijk Havengebied - Indische Buurt,Moderate,Sushi Restaurant,Sushi 'n Sake,
56ba4795498e8546c9bc78d1,Oostelijk Havengebied - Indische Buurt,Cheap,Café,Lloyd Café - Restaurant,
586f9526076be11782a4ed40,Oostelijk Havengebied - Indische Buurt,Moderate,Asian Restaurant,Bar Sue,
4c9dbd338afca093b0cff915,Oostelijk Havengebied - Indische Buurt,Cheap,Diner,Pompoen met Speck,
517239ffe4b0216987d961f1,Oostelijk Havengebied - Indische Buurt,Moderate,Restaurant,Stayokay Restaurant,
4de293b0d164df8574fe8ed2,Oostelijk Havengebied - Indische Buurt,Cheap,Chinese Restaurant,Restaurant Zen,
4a27081bf964a520ac8f1fe3,Oostelijk Havengebied - Indische Buurt,Cheap,Pizza Place,Ela Palermo,
4f8a7bd1e4b037c01fd8f426,Oostelijk Havengebied - Indische Buurt,Cheap,Bakery,Bakkerij Sarikaya,
55a1425d498e793e0721dff2,Oostelijk Havengebied - Indische Buurt,Moderate,BBQ Joint,Plockworst Palace,
53a1a588498e37cf410fd2e9,Oostelijk Havengebied - Indische Buurt,Cheap,Café,Pjotr Media Café,
507400a1e4b06d8f8b17b7eb,Oostelijk Havengebied - Indische Buurt,Moderate,Restaurant,Eetlokaal LT,
553147f0498e151e37a96805,Oostelijk Havengebied - Indische Buurt,Cheap,Bistro,Brasserie Oost,
4a2704f2f964a52097861fe3,Oostelijk Havengebied - Indische Buurt,Cheap,Fast Food Restaurant,Jaffa,
4eee0c9ab8f76a24a5d3e5d1,Oostelijk Havengebied - Indische Buurt,Cheap,Bakery,Bakkerij Kapadokya,
4ddd22ead164236dd3832577,Oostelijk Havengebied - Indische Buurt,Cheap,Diner,Harbor Lounge NL,
4a270517f964a520ed861fe3,Oostelijk Havengebied - Indische Buurt,Cheap,Snack Place,Hoki Snacks,
5ad091aff96b2c2dbe16feeb,Oostelijk Havengebied - Indische Buurt,Cheap,Salad Place,Venkel,
4b0d48d6f964a520a64523e3,Oostelijk Havengebied - Indische Buurt,Cheap,Food Truck,Snackkraam de Kale Man,
4f1ff48fe4b0aabf527575b5,Oostelijk Havengebied - Indische Buurt,Cheap,Café,De Zuid,
4ad850faf964a520011121e3,Oostelijk Havengebied - Indische Buurt,Cheap,Bakery,Bakkerij Kardaş,
4a2704c6f964a5202b861fe3,Oostelijk Havengebied - Indische Buurt,Cheap,Fast Food Restaurant,KFC,1
4b954786f964a520c99934e3,Oostelijk Havengebied - Indische Buurt,Cheap,Pizza Place,Domino's pizza,2
4a27001df964a5203f821fe3,Oostelijk Havengebied - Indische Buurt,Cheap,Café,Gijs de Rooy,
4c949814f7cfa1cdee19b515,Oostelijk Havengebied - Indische Buurt,Cheap,Bakery,Bakkerij Oost,
4a270512f964a520e0861fe3,Oostelijk Havengebied - Indische Buurt,Cheap,Chinese Restaurant,Mi Lobie,
503a6e0ee4b03dc3d2d58942,Oostelijk Havengebied - Indische Buurt,Cheap,Fast Food Restaurant,Carmen's food corner,
533a83a5498e06969b666291,Oostelijk Havengebied - Indische Buurt,Cheap,Bakery,Bakkerij Balvert,
4c14c26a82a3c9b633b7fdf8,Oostelijk Havengebied - Indische Buurt,Cheap,Bakery,Croissanterie / Warme Bakker,
4a27055bf964a52099871fe3,Oostelijk Havengebied - Indische Buurt,Cheap,Fast Food Restaurant,Big Burger,
4c4b3472712ac928117f956c,Oostelijk Havengebied - Indische Buurt,Cheap,Diner,Surinaams Eethuis Zarina,
5741c89dcd10ca3ce3846853,Oostelijk Havengebied - Indische Buurt,Cheap,Dutch Restaurant,de Oceaan,
4e16b4046284b506cfdc49c1,Oostelijk Havengebied - Indische Buurt,Cheap,Café,Eetcafé De Grote Pan,
4c9883f6671db60c46bdb9f6,Oostelijk Havengebied - Indische Buurt,Moderate,South American Restaurant,Toko Surima,
4d88b6356daeb60ca92940e0,Oostelijk Havengebied - Indische Buurt,Cheap,Café,t Dappertje,
4a2704baf964a5200b861fe3,Oostelijk Havengebied - Indische Buurt,Cheap,Snack Place,Vork,
4a270565f964a520b7871fe3,Oostelijk Havengebied - Indische Buurt,Cheap,Snack Place,Febo,
5c559d882db4a9002cd1d249,Oostelijk Havengebied - Indische Buurt,Cheap,Mexican Restaurant,Burritos Anonymous,
4bb224c8f964a5200fbd3ce3,Oostelijk Havengebied - Indische Buurt,Cheap,Bakery,Bakkerij Bart,
563df7eacd10e8b13fe2ac8e,Oostelijk Havengebied - Indische Buurt,Cheap,Bakery,Kees Gutter,
4dcc51b6c65b7117a8da367c,Oostelijk Havengebied - Indische Buurt,Cheap,Food,Snackbar Iris,
4bbb12d7b35776b05c84cb01,Oostelijk Havengebied - Indische Buurt,Cheap,Snack Place,De Vork,
4b8aa59df964a5205b7732e3,Oostelijk Havengebied - Indische Buurt,Cheap,Snack Place,Snackbar Ernos,
5b75847fdb2aeb002cf4e55c,Oostelijk Havengebied - Indische Buurt,Cheap,Comfort Food Restaurant,Bombarie,
4c8fb7ae04a1b60ca06fa13e,Oostelijk Havengebied - Indische Buurt,Cheap,Bakery,Dapper bakkerij,
55d5e194498ebde39cbb1819,Oostelijk Havengebied - Indische Buurt,Cheap,Sandwich Place,Simit sarayi oost,
4e561c20b3ad1fc51bd58e57,Osdorp,Moderate,Turkish Restaurant,Sahan Restaurant,
52cc5a9911d2dc51262c59f3,Osdorp,Moderate,Turkish Restaurant,Beymen café & restaurant,
500bd06be4b07957c34439e4,Osdorp,Moderate,Indonesian Restaurant,Warung Spang Makandra,
4e4ea296cc3f9e658a78e9b3,Osdorp,Moderate,Sushi Restaurant,Ken-Ichi,
4b866d45f964a5209e8931e3,Osdorp,Moderate,Indonesian Restaurant,Toko Bandung,
4a27053ef964a52044871fe3,Osdorp,Moderate,Turkish Restaurant,Enfes,
50b6459fe4b033ea1fdbc62f,Osdorp,Moderate,Turkish Restaurant,Meram Osdorp,
4a2704b8f964a52004861fe3,Osdorp,Cheap,Snack Place,De Serre,
4a270802f964a520738f1fe3,Osdorp,Cheap,Chinese Restaurant,Canton,
4a270561f964a520ac871fe3,Osdorp,Cheap,Snack Place,Febo,
4a27db81f964a5202d941fe3,Osdorp,Cheap,Fast Food Restaurant,McDonald's,2
4ccc227154f0b1f73a0214ca,Osdorp,Cheap,Bakery,Bertram & brood,
53f87d44498e2a545131d685,Osdorp,Cheap,Café,buongiorno,
4a27db6ef964a520c6931fe3,Osdorp,Very Expensive,Steakhouse,Steakhouse/Pizzeria Osdorp,
4be583afbcef2d7f95dc03e5,Osdorp,Cheap,Bakery,Bakkerij Turkiyem,
4a27db52f964a52029931fe3,Osdorp,Moderate,Vegetarian / Vegan Restaurant,KING Kumpir Osdorp,
4d720a80d145a1cd3f8daef3,Osdorp,Moderate,Restaurant,Pala Tandir,
4ee1fd9be5fa204a5491f44b,Osdorp,Cheap,Snack Place,Lunchroom Osdorp,
4e187417fa761946459105c8,Osdorp,Cheap,Food Truck,"Haringstal ""De Zeevang""",
4a270892f964a52022911fe3,Osdorp,Moderate,Mediterranean Restaurant,Kismet :: Osdorpplein 671,
4a270516f964a520ec861fe3,Osdorp,Moderate,Italian Restaurant,La Galleria,
5516a9e7498e208a938778e3,Osdorp,Moderate,Restaurant,surinaams eethuis rose,
4a27db37f964a520a0921fe3,Osdorp,Moderate,Asian Restaurant,Asian Delight,
4c2fc711452620a1262c1e0f,Osdorp,Moderate,Restaurant,Toros,
566b738c498ed2e939a3b1df,Osdorp,Cheap,Bakery,bakkerij kara firin osdorper ban,
4d46dd16e198721e3574d38b,Osdorp,Cheap,Bakery,Bakkerij Giel Imming,
4bb11fccf964a520627c3ce3,Osdorp,Cheap,Snack Place,Snackbar van Vliet,
5739e1c1498e57bc021fce97,Osdorp,Cheap,Bakery,Cesme Lunchroom & Patisserie,
4a2707f0f964a520438f1fe3,Osdorp,Cheap,Chinese Restaurant,Kwun Wah,
515141b3e4b00dbc8028ed10,Osdorp,Cheap,Breakfast Spot,Restaurant City West Remco,
5b31b846054e29002c22a700,Osdorp,Cheap,Pizza Place,New York Pizza,2
4d0fb4929302a35df1ae766e,Osdorp,Cheap,Chinese Restaurant,Wok Hut,
4bffebc9369476b028838e1f,Osdorp,Cheap,Snack Place,Snackbar 88,
4a26ff97f964a5204d801fe3,Osdorp,Cheap,Café,Grand Café Sloterplas,
5b01797073fe25002cab23c2,Oud-Noord,Cheap,Café,Pompet,
52ebb2ed498e9ea23f6c7096,Oud-Noord,Moderate,Café,De Ceuvel,
4a27085cf964a52071901fe3,Oud-Noord,Expensive,Gastropub,Eetcafé Mosveld,
59592005f79faa61876ab3c6,Oud-Noord,Cheap,Mexican Restaurant,Mexicaanse Cantina Coba,
58e92e52e309e104fb614d3f,Oud-Noord,Cheap,Burger Joint,The Beef Chief,
4fb0e2e1bb3d0b130d3a4d45,Oud-Noord,Moderate,Restaurant,Café Modern,
4a27075ef964a520b48d1fe3,Oud-Noord,Moderate,Thai Restaurant,Pasoek,
56f8d84a498e69128e26cc91,Oud-Noord,Cheap,Café,Café Demliq,
5b0d87662f97ec002cffcc19,Oud-Noord,Moderate,Restaurant,Klaproos Amsterdam,
5798b1bf498ebda76d787e31,Oud-Noord,Moderate,Ethiopian Restaurant,Semai,
594681f99e0d540422b06db3,Oud-Noord,Cheap,Café,Café Keppler,
557c7672498eed2328fecf22,Oud-Noord,Cheap,Modern European Restaurant,SmaaQt,
56b241f5498e8704e41ba692,Oud-Noord,Moderate,Turkish Restaurant,t Houtskooltje,
56a7ab3d498e61d2384a1e6d,Oud-Noord,Moderate,Indonesian Restaurant,Kannibalen en Paradijsvogels,
56f8d66a498e9abeab718fb5,Oud-Noord,Moderate,Turkish Restaurant,Restaurant Hanimeli,
54c2557a498e47f3d5c4f660,Oud-Noord,Cheap,Café,Expocafé Zamen,
58357f30d439073da74f77eb,Oud-Noord,Moderate,Italian Restaurant,Il Pecorino,5
4d29fb563c7954810d63dc9b,Oud-Noord,Moderate,Seafood Restaurant,Restaurant Stork,
4d1ccfcf7e10a35dfb840283,Oud-Noord,Moderate,Asian Restaurant,Mt. Everest,
5a6209388ad62e4e46a76424,Oud-Noord,Cheap,Café,Mok Coffee & More,
504c7a52e4b04977debc7872,Oud-Noord,Moderate,Restaurant,Jacques Jour,
5820943d77259217e077f89b,Oud-Noord,Cheap,Bakery,De Bakkerszonen Hartog & Meijer,
4b9a6626f964a52003b235e3,Oud-Noord,Expensive,Seafood Restaurant,Vishandel De Zeemeeuw,
4db465c743a1369cb5b9b9c1,Oud-Noord,Cheap,Pizza Place,San Remo Pizza,
4bae03bff964a520107b3be3,Oud-Noord,Cheap,Bakery,Lunchroom Sjoerd van Willes,
4da2cde10f578cfad20baa18,Oud-Noord,Cheap,Bakery,Bakkerij Sjoerd van Willes,
4d19f4436c8b5481085afccc,Oud-Noord,Cheap,Bakery,Bakkerij Gerlofsma,
58dd0fc6c5f8a714c3e7b6d7,Oud-Noord,Cheap,Fried Chicken Joint,Chitir Chicken,
4d57d74ae319a1cded510934,Oud-Noord,Cheap,Snack Place,Snackbar Marcouch,
4df74c9263650892a289d782,Oud-Noord,Cheap,Pizza Place,Domino's Pizza,
4a2704c6f964a5202a861fe3,Oud-Noord,Cheap,Snack Place,Merksnack De Keizer,
4c99f58eb8e9224bf85a493d,Oud-Noord,Cheap,Bakery,Bakkerij Safir,
582f31fc9f25833ffd3a2c16,Oud-Noord,Cheap,Snack Place,Febo,
5181623e498e812ada359e4b,Oud-Noord,Cheap,Snack Place,Snackbar Shi Shi,
4a2707adf964a5208c8e1fe3,Oud-Noord,Cheap,Pizza Place,Mesir,
5985e9302ebb34734fe07e82,Oud-Noord,Cheap,Doner Restaurant,Meneer Kebab,
4b472f3ff964a520802c26e3,Oud-Noord,Cheap,Fast Food Restaurant,Eethoek 10,
4f9ec965e4b0849ad21ed95b,Oud-Noord,Cheap,Pizza Place,Eets Cafė,
4a270868f964a52099901fe3,Oud-Noord,Cheap,Café,Eetcafe Number One,
4a27033ff964a520e1841fe3,Oud-Noord,Moderate,Restaurant,Number One,
4a2704f4f964a520a0861fe3,Oud-Noord,Cheap,Fast Food Restaurant,t Smikkelhoekje,
4a2704bbf964a5200c861fe3,Oud-Noord,Cheap,Salad Place,Lunch Idee,
5a4b6b27a6ec982a8150adc2,Oud-Noord,Moderate,Vegetarian / Vegan Restaurant,Green Canteen,
56c8a3efcd10c17321ed1dbb,Oud-Noord,Cheap,Food Court,Foodmarkt café,
4db98fbe04376091210538c5,Oud-Noord,Cheap,Pizza Place,New York Pizza Delivery,
4c6ff54edf6b8cfa8e9bb64d,Oud-Noord,Cheap,Bakery,Özkaradeniz,
4d13624b40e6548144cf961a,Oud-Oost,Cheap,Deli / Bodega,Eriks Delicatessen,
563cfb71cd1017136b757d2d,Oud-Oost,Cheap,Burger Joint,Rotisserie East,
57bc7f5c498e8eea065f100d,Oud-Oost,Moderate,Italian Restaurant,Spaghetteria,5
57ee9dce498e629325b130ae,Oud-Oost,Moderate,Italian Restaurant,Mama Dough,4
4b1936a9f964a5204cd923e3,Oud-Oost,Moderate,Italian Restaurant,Restaurant Oost,
4a27db3df964a520c2921fe3,Oud-Oost,Moderate,Asian Restaurant,Thaicoon,
5914315a9ad60e49d24b5d16,Oud-Oost,Cheap,Comfort Food Restaurant,The Cottage,
576cf084498e6c4527e043dd,Oud-Oost,Moderate,Ethiopian Restaurant,Taytu,
4b14daf4f964a52011a723e3,Oud-Oost,Moderate,Bakery,Hartog's Volkoren Bakkerij,
4a26ffc9f964a520fb801fe3,Oud-Oost,Expensive,French Restaurant,La Vallade,
4f623975e4b0233fb402c376,Oud-Oost,Moderate,Vegetarian / Vegan Restaurant,Marits Eetkamer,
4cf2aee7e3b9a09363d44553,Oud-Oost,Moderate,Indonesian Restaurant,Warung Srarang Makmur,
577e9a82cd10a9dbdde4ff62,Oud-Oost,Cheap,Café,KNUS,
5606a84b498e3da91922b601,Oud-Oost,Cheap,Modern European Restaurant,C Amsterdam,
54952223498e91fedc3f29c3,Oud-Oost,Moderate,Italian Restaurant,Eddy Spaghetti,
4a27078af964a520318e1fe3,Oud-Oost,Moderate,Caribbean Restaurant,Roopram Roti,
59a541c76f0aa21694b4b98e,Oud-Oost,Moderate,Vegetarian / Vegan Restaurant,Mr. & Mrs. Watson,
580b6eee38fa83fae42fca31,Oud-Oost,Cheap,Breakfast Spot,BENJI'S,
53bab329498e8768029e958b,Oud-Oost,Cheap,Breakfast Spot,Stek,
4a27054af964a52076871fe3,Oud-Oost,Cheap,Bagel Shop,Bagels & Beans,
56f68884498eaaed05a0c62e,Oud-Oost,Moderate,Australian Restaurant,Drovers Dog,
4c2750e8905a0f47f6a76460,Oud-Oost,Cheap,Café,De Vergulden Eenhoorn,
4d98a2e761a3a1cdbc23d242,Oud-Oost,Moderate,Turkish Restaurant,Safak Doner en Afhaalcentrum,
4a2704caf964a52039861fe3,Oud-Oost,Cheap,Middle Eastern Restaurant,Sinbad,
4ebad90be5e8a63b056b130e,Oud-Oost,Moderate,Restaurant,Rotisserie Rijsel,
4c188871834e2d7fea002980,Oud-Oost,Cheap,Café,Beter & Leuk,
5062d84be4b0857a7eef4f25,Oud-Oost,Moderate,Steakhouse,Loetje Oost,
4a27089af964a52046911fe3,Oud-Oost,Moderate,Indian Restaurant,India Roti Room,
56250a71498eeeb7d0b750d4,Oud-Oost,Expensive,Café,Louie Louie,5
53b6dafc498e041871f481c2,Oud-Oost,Moderate,Restaurant,Canvas,
4a27db76f964a520f3931fe3,Oud-Oost,Moderate,Turkish Restaurant,Meram Oost,
57bc29ca498e03c0b5671a8a,Oud-Oost,Cheap,Breakfast Spot,The Breakfast Club,
59f8b83c9e3b65580aeeace2,Oud-Oost,Cheap,Friterie,Freddy Fryday,
5b65e97ec0af57002c39912a,Oud-Oost,Moderate,Restaurant,Café Cliche,
57a5dd63498efd4cb2cd506a,Oud-Oost,Moderate,Restaurant,Jacobsz,
4a27db40f964a520df921fe3,Oud-Oost,Expensive,French Restaurant,Restaurant Elkaar,
4a27001ef964a52042821fe3,Oud-Oost,Cheap,Café,Café Ruk & Pluk,
57052010498e952deb01b84c,Oud-Oost,Cheap,Bakery,Baking Lab,
4a797a2bf964a52017e71fe3,Oud-Oost,Cheap,Café,Caffe Milo,
53580ba7498e63670330d954,Oud-Oost,Cheap,Café,Café Mojo,
4a2703d5f964a5208d851fe3,Oud-Oost,Very Expensive,French Restaurant,De Kas,
4d66974be07aa35d1399aa8f,Oud-Oost,Moderate,Italian Restaurant,Mangiassai,
55f2f698498e911f5ff4919e,Oud-Oost,Cheap,Café,Café Fest,
57ed5107498e1648f299ff8f,Oud-Oost,Moderate,Italian Restaurant,Pepenero,4
4a2703aff964a5200c851fe3,Oud-Oost,Expensive,French Restaurant,Bar Restaurant 1900,
56df229fcd106d7ae106fdb7,Oud-Oost,Cheap,Burger Joint,Burger 'n Shake,
5aa5443351950e48389e9c75,Oud-Oost,Cheap,Café,Côte Wispe,
5a76d3da92e7a9310f02b1b9,Oud-Oost,Cheap,Breakfast Spot,Roootin,
5358f785498ecdd412d27582,Oud-Oost,Cheap,Bagel Shop,Bagels & Beans,
4a27009ff964a520e4831fe3,Oud-Oost,Expensive,Tapas Restaurant,Pata Negra 2,5
58cc2375f16bb51b8c9563cf,Oud-Oost,Cheap,Caucasian Restaurant,Batoni Khinkali,
4a270027f964a52069821fe3,Oud-Oost,Cheap,Diner,Boom,
54b17fe5498e03abcc38b8c1,Oud-Oost,Cheap,Salad Place,SLA,
4d47134914aa8cfa2d11843d,Oud-Oost,Cheap,Café,Cafe Kees,
4bcc47dcb6c49c74af679391,Oud-Oost,Cheap,Bakery,Hicret,
595e7af14f0e580dd1e4ccc0,Oud-Oost,Cheap,Pizza Place,Pizza Heart Bar,
51824af9498e8fd8b7444315,Oud-Oost,Cheap,Sandwich Place,BOTERHAM,
4a270054f964a52011831fe3,Oud-Oost,Moderate,African Restaurant,Ibssa,
4c03d053f56c2d7feb541d66,Oud-Oost,Moderate,Asian Restaurant,Kediri Indonesische Traiteur,
4a27004ff964a520f5821fe3,Oud-Oost,Moderate,African Restaurant,Eetcafe Ibis,
55f56f6d498e1449d777c11c,Oud-Oost,Cheap,Café,Grand Café de Tropen,
4c1c8d508b3aa5936f14995f,Oud-Oost,Cheap,Bakery,Patisserie Kwekkeboom,
4a2703d6f964a52090851fe3,Oud-Oost,Expensive,French Restaurant,Le Hollandais,
536bc219498e6cdd61329fa3,Oud-Oost,Moderate,American Restaurant,Lokaal,
596e317216fa0433db623567,Oud-Oost,Moderate,Middle Eastern Restaurant,Saffraan,
50a7d919e4b0497d75f17782,Oud-Oost,Moderate,Mediterranean Restaurant,Michel Inn,
4c34bb93ed37a5939b606f03,Oud-Oost,Moderate,Sushi Restaurant,Yatta Sushi,
569f7237498ef67c90fbf249,Oud-Oost,Cheap,Bakery,Le Perron,
4a270549f964a52071871fe3,Oud-Oost,Cheap,Diner,Cantarell,
58df69be18384c2bed4fde39,Oud-Oost,Cheap,Bakery,Le Pain Quotidien,
591bfa972496233a4f982a64,Oud-Oost,Moderate,Restaurant,House of Watt,
53b59963498e71163730ff92,Oud-Oost,Moderate,Thai Restaurant,Thai Food Cafe,
5124b2ffe4b09ac38ea39ef7,Oud-Oost,Cheap,Bagel Shop,Bagels & Beans,
4bbf28d285fbb7137fb07167,Oud-Oost,Cheap,Food Truck,Kiosk Rembrandt Van Gogh,
4a270889f964a5200d911fe3,Oud-Oost,Cheap,Pizza Place,Steakhouse Pizzeria Oost,
4f7c7abfe4b06b6ab99721f3,Oud-Oost,Moderate,Turkish Restaurant,Meram Amsterdam Oost,
4a270565f964a520b6871fe3,Oud-Oost,Cheap,Snack Place,Febo,
4a27db35f964a5208f921fe3,Oud-Oost,Moderate,Restaurant,Sranang Makmur,
5352bd8c498e1a95d6283265,Oud-Oost,Cheap,Breakfast Spot,t Oostpoortje,
571876c6cd109d890bc2c24d,Oud-Oost,Cheap,Café,Nescio,
5814accfd67cd352e812ce28,Oud-Oost,Moderate,Restaurant,PARK Cafe-Restaurant,
4d3eed83af8ca143688e1af7,Oud-Oost,Moderate,Kebab Restaurant,Köşebaşı,
5b3bb1b086bc49002c9f07d3,Slotervaart,Cheap,Comfort Food Restaurant,Bar Restaurant LELY,
4a27db52f964a52026931fe3,Slotervaart,Very Expensive,Steakhouse,Roos Steakhouse,
4a2707b1f964a520998e1fe3,Slotervaart,Moderate,Italian Restaurant,Perla di Roma,
4f59c33c6b742ea15b4d4ae9,Slotervaart,Moderate,Restaurant,Fashion’s Restaurant & Bar,
5aaa5b58e2d4aa68f8ca3bd3,Slotervaart,Cheap,Sandwich Place,SUBWAY®,2
503518eae4b0567cc7c94f6a,Slotervaart,Moderate,Indonesian Restaurant,aries noodles,
57b88e32498ed0e1a1eea798,Slotervaart,Cheap,Burger Joint,Meram Burger,
4a27db17f964a520d9911fe3,Slotervaart,Moderate,Thai Restaurant,Suvarnaphum,
4a27db34f964a5208a921fe3,Slotervaart,Moderate,Moroccan Restaurant,Du Maroc,
4a2707fcf964a520648f1fe3,Slotervaart,Cheap,Chinese Restaurant,Golden Garden,
4a27082ef964a520d38f1fe3,Slotervaart,Cheap,Chinese Restaurant,San Lok,
4a27075cf964a520ae8d1fe3,Slotervaart,Moderate,Middle Eastern Restaurant,Cedars,
4b09875ff964a520dc1823e3,Slotervaart,Cheap,Snack Place,Snackbar Wannie,
4a2704a1f964a520cc851fe3,Slotervaart,Moderate,Asian Restaurant,Asian Taste Restaurant,
4a2704b5f964a520f5851fe3,Slotervaart,Moderate,Asian Restaurant,Waroeng Adji,
4fcf2ee3e4b07e3498f5999b,Slotervaart,Cheap,Fast Food Restaurant,Tastyz,
4d8b54e44757721e5e6dc969,Slotervaart,Cheap,Bakery,Bakker v.d. Heijden,
56629df0498eedf4df9d6a1f,Slotervaart,Cheap,Bakery,vatan bakkerij,
59e32b68a35dce662c16f178,Slotervaart,Cheap,Café,Corner Bakery,
4a93bc27f964a520d91f20e3,Slotervaart,Cheap,Deli / Bodega,Pronk Culinair,
4a2707cef964a520d88e1fe3,Slotervaart,Cheap,Sandwich Place,Avenida,
595f9fa69ec399064abf2455,Slotervaart,Moderate,Restaurant,Eten Bij Mama,
4a27083ef964a5200b901fe3,Slotervaart,Moderate,Asian Restaurant,Yogya,
4dc2917dd22dd7df9aab0acd,Slotervaart,Cheap,Food,Cygnific Canteen,
4f730e53e4b0782142b31a19,Slotervaart,Cheap,Café,Brasserie 't Siertje,
4a270541f964a52052871fe3,Slotervaart,Cheap,Bakery,Bakkerij Lunchroom Abi,
4c31d315ac0ab7130a501c1e,Slotervaart,Cheap,Bakery,Bertram & Brood,
4a2707fbf964a5205f8f1fe3,Slotervaart,Cheap,Indian Chinese Restaurant,Lung Tin,
568a163d498ecc4b3b2bed93,Slotervaart,Cheap,Modern European Restaurant,Restaurant Dolce,
4a26ff6bf964a520957f1fe3,Slotervaart,Cheap,Café,Café Huizinga,
4d6f7bac5b5ca1cd11d76c44,Slotervaart,Cheap,Food Truck,Volendammer Vishandel Stroek,
5762feca498ec7181dcd8579,Watergraafsmeer,Expensive,French Restaurant,"The Lobby, Fizeaustraat",
4a27049ff964a520c6851fe3,Watergraafsmeer,Expensive,French Restaurant,Merkelbach,
4b00558ff964a520f33c22e3,Watergraafsmeer,Moderate,Fast Food Restaurant,t Wethoudertje,
4e5e0ac31838f725526fdbe2,Watergraafsmeer,Moderate,Restaurant,Stoop eten en drinken,
4d71487ba4ef3704aadc16b3,Watergraafsmeer,Moderate,Japanese Restaurant,Ayumi,
537cdd1e498e89c92fc6282e,Watergraafsmeer,Moderate,Italian Restaurant,Osteria Nessun Dorma,
4a26ffcbf964a52005811fe3,Watergraafsmeer,Expensive,Gastropub,Café De Omval,
4a26ffb5f964a520b0801fe3,Watergraafsmeer,Expensive,French Restaurant,Café-Restaurant Dauphine,
4a270834f964a520e98f1fe3,Watergraafsmeer,Cheap,Chinese Restaurant,Wong Koen,
4a27008af964a520ab831fe3,Watergraafsmeer,Cheap,Café,Grand Cafe Frankendael,
4be7ef3bee96c9281f6ffdbf,Watergraafsmeer,Cheap,Fast Food Restaurant,t Hoekje,
4d05c40cdc45a093f8e2f0c6,Watergraafsmeer,Moderate,Italian Restaurant,Julia's,
517267b3e4b01f6b00197d0a,Watergraafsmeer,Cheap,Fish & Chips Shop,Vishandel Zwaan,
4be113759897b713478e4bea,Watergraafsmeer,Cheap,Bakery,De Broodhoek,
4cefb49913aea143efcb749f,Watergraafsmeer,Cheap,Fish & Chips Shop,Zeekasteel,
531701b0498e79de900b5c79,Watergraafsmeer,Cheap,Cafeteria,lunchroom lastig Amsterdam,
4de3e7b9d164df85751dea8e,Watergraafsmeer,Cheap,Diner,United Tastes of 1097,
515035a4e4b06c690098d61f,Watergraafsmeer,Moderate,Restaurant,Lago,
5dbc5c1817855b000827de56,Watergraafsmeer,Expensive,Gastropub,Ginger and Ale,
4e12d83a1f6e671dd9f3ecde,Watergraafsmeer,Cheap,Deli / Bodega,C'est Bon,
4cd8418453a7f04da9616216,Watergraafsmeer,Cheap,Pizza Place,Pizzeria Pescara,
4eaee10e6da1a0e3a5172676,Watergraafsmeer,Moderate,Italian Restaurant,The luxe,
4ec01bf70aaf6450bad5cf49,Watergraafsmeer,Moderate,Sushi Restaurant,Boss Restaurant,
4bae3e37f964a52084973be3,Watergraafsmeer,Moderate,Restaurant,Charles Traiteur & Catering,
4b3cf187f964a520308a25e3,Watergraafsmeer,Cheap,Fast Food Restaurant,Haentje,
4ce123bb3644a09377665b9f,Watergraafsmeer,Cheap,Sandwich Place,De Broodzaak,
4b13f470f964a520ea9a23e3,Watergraafsmeer,Cheap,Snack Place,Smullers,
5ae0a9888173cb146e5cab9e,Watergraafsmeer,Moderate,Restaurant,Nomads,
4c724dd913228cfa2da22a65,Watergraafsmeer,Cheap,Breakfast Spot,C'est du Pain,
5628d980498efc9f1d0451aa,Watergraafsmeer,Cheap,Bakery,De Glutenvrije Winkel,
4a97cd33f964a520c22920e3,Watergraafsmeer,Moderate,Restaurant,Grand Café Genieten,
4a2704b4f964a520f3851fe3,Watergraafsmeer,Cheap,Doner Restaurant,The Döner Company,
4a2703aff964a5200a851fe3,Watergraafsmeer,Moderate,Scandinavian Restaurant,Café Restaurant Boven Nul,
4fc26543e4b08acaf4feb879,Watergraafsmeer,Moderate,South American Restaurant,Marina Plaza,
4a27054bf964a52079871fe3,Watergraafsmeer,Cheap,Snack Place,Snackbar 't Snorretje,
4a27055ff964a520a7871fe3,Watergraafsmeer,Cheap,Fast Food Restaurant,Burger King,
4a270881f964a520f5901fe3,Westerpark,Moderate,Italian Restaurant,Bella Storia,
569005c2498e01f792f4a22b,Westerpark,Expensive,BBQ Joint,Pendergast,
4a26ffa0f964a52068801fe3,Westerpark,Cheap,Café,Café Nassau,
4ac073ecf964a520459420e3,Westerpark,Moderate,Bakery,De Bakkerswinkel,
57fa0db2498e66b44a2b164c,Westerpark,Moderate,Turkish Restaurant,De Buurman Amsterdam,
4e189967aeb7eb0120ccddae,Westerpark,Moderate,Gastropub,Cafe Restaurant Piet de Gruyter,
556c36da498eff666f65cfc4,Westerpark,Cheap,Fish & Chips Shop,De Gouden Hoek,
5661d512498e7af0ebf9dc84,Westerpark,Moderate,Vegetarian / Vegan Restaurant,Vleesch Noch Visch,
4a2704d4f964a52050861fe3,Westerpark,Moderate,Thai Restaurant,Pienong Thai,
590f421c18d43b465d4bb9cf,Westerpark,Moderate,Italian Restaurant,Primi Amsterdam,
51a21fe0498ef1b332b2e68d,Westerpark,Cheap,Friterie,Doardi Vlaamse Frites,
536268c3498e808cae1ef7a5,Westerpark,Expensive,Seafood Restaurant,Mossel & Gin,
4b53480ff964a520ae9527e3,Westerpark,Moderate,Restaurant,De Culinaire Werkplaats,
532c625f498efcca3e1f4693,Westerpark,Cheap,Café,Koffie ende Koeck,
5908c1361543c772f9829be3,Westerpark,Moderate,BBQ Joint,Braai,
5894dbf144587f122ade2b0f,Westerpark,Moderate,Italian Restaurant,Bacco,
5ae1b54bc03635002c5197b7,Westerpark,Cheap,Chinese Restaurant,Dumplings,
4a26ffd7f964a52031811fe3,Westerpark,Expensive,Tapas Restaurant,Duende Dos,
4a44c28af964a5208ba71fe3,Westerpark,Moderate,Restaurant,Café Restaurant Amsterdam,
4ba51674f964a52061db38e3,Westerpark,Moderate,Italian Restaurant,Lazagne,
4a26ffb8f964a520bd801fe3,Westerpark,Moderate,Restaurant,Westergasterras,
587bbe876431e516ca5d8195,Westerpark,Cheap,Dutch Restaurant,BAUT,
558c2f1b498ed500ef4925c0,Westerpark,Cheap,Bistro,Rooster,
4a2705baf964a5209e881fe3,Westerpark,Cheap,Bakery,Bakkerij Mediterrane,
513f6d99e4b0c3129bd5b772,Westerpark,Cheap,Burrito Place,The Burrito Maker,
545fca00498e7ab0f048e5c5,Westerpark,Moderate,Italian Restaurant,Restaurant Lucca,
4a27db83f964a52039941fe3,Westerpark,Cheap,Bagel Shop,Bagels & Beans,
5b1ae3f4295513002c463379,Westerpark,Moderate,Restaurant,Café/Restaurant Uitvlugt,
4b603406f964a520cad929e3,Westerpark,Cheap,Bakery,Westerbos,
4a27db61f964a5207c931fe3,Westerpark,Moderate,Mediterranean Restaurant,Orontes West,
4a2707c2f964a520b78e1fe3,Westerpark,Cheap,Pizza Place,YamYam Trattoria Pizzeria,2
4a27db20f964a5201d921fe3,Westerpark,Moderate,Sushi Restaurant,Jo Sushi,
4a27033af964a520ce841fe3,Westerpark,Moderate,Restaurant,Restaurant Freud,
4f9af710e4b065054b3056af,Westerpark,Moderate,Restaurant,Walvis,
4d53006a9b27721e2debc746,Westerpark,Cheap,Café,MediaCafe Westergasfabriek,
4a270849f964a5202a901fe3,Westerpark,Moderate,Indonesian Restaurant,Manis,
568d4549498ea3880d58a2f3,Westerpark,Cheap,Café,Gezondigd,
52ea9302498e1d634dbf98ae,Westerpark,Moderate,Restaurant,Bar Mick,
4a26ffc9f964a520f9801fe3,Westerpark,Moderate,Italian Restaurant,La Trattoria Di Donna Sofia,
4b519399f964a520e64f27e3,Westerpark,Cheap,Sandwich Place,Het kaasboertje,
4a270785f964a520148e1fe3,Westerpark,Cheap,Mexican Restaurant,Caramba,
4a27db11f964a520a2911fe3,Westerpark,Moderate,Greek Restaurant,Mitsos Traiterie,5
593982952f97ec2d63c84f6f,Westerpark,Cheap,Fish & Chips Shop,The Good Companion,
5856bfec9c439d0b3ceeaf38,Westerpark,Cheap,Pizza Place,de Pizzabakkers,
5aa18797237dee74e9d43e47,Westerpark,Moderate,Restaurant,Baut Popup,
4b0282b2f964a520cb4822e3,Westerpark,Cheap,Bakery,Kaasland,
4bcde8770687ef3b43b0e1cc,Westerpark,Cheap,Snack Place,Snackbar Hanny,
4db1c6600437a93f7f917226,Westerpark,Expensive,French Restaurant,L'invité le Restaurant,
545fcfe4498e24d7ad6d6e29,Westerpark,Moderate,Vietnamese Restaurant,PhoHouse,
50c4d941e4b069afe43915b3,Westerpark,Moderate,Thai Restaurant,Songkran,
4a531763f964a52022b21fe3,Westerpark,Expensive,French Restaurant,Razmataz,
4d45c4f63616b60c0caef1c2,Westerpark,Moderate,South American Restaurant,La Brasa Steakhouse,
520bd1a511d281b143dbce46,Westerpark,Moderate,Indonesian Restaurant,Restaurant Jun,
4c1be9b3fcf8c9b6d231a90b,Westerpark,Moderate,Middle Eastern Restaurant,Grillroom Twins,
570e542ccd102ac521a9f5d5,Westerpark,Cheap,Breakfast Spot,The Breakfast Club,
50c34f7de4b0c7bb3fda3314,Westerpark,Cheap,Café,Cafe Graaf Leopold,
4be26bb7d27a20a190a58f5b,Westerpark,Cheap,Café,Deksels! Lekkere Dingen,
4a26ffbcf964a520ca801fe3,Westerpark,Moderate,Spanish Restaurant,Duende,
528a23a711d2a95e292c7576,Westerpark,Cheap,Café,Café MADS,
59d7d32866611613973567e8,Westerpark,Cheap,Taco Place,Mr. Haz Taco Bar,
4d0fbb3a59606dcba987703e,Westerpark,Moderate,Argentinian Restaurant,Restaurant Luna,
51b5c359498e0b23c705ec3e,Westerpark,Cheap,Café,Osteria Italiano Assaggio,
4b97da12f964a520151a35e3,Westerpark,Cheap,Pizza Place,Pinsas Restaurant,2
4a27db24f964a52034921fe3,Westerpark,Cheap,Sandwich Place,Vennington,
4a7858b9f964a5206ee51fe3,Westerpark,Moderate,Restaurant,Restaurant Noordwest,
4b4f5182f964a520190127e3,Westerpark,Moderate,Turkish Restaurant,Erol Doner,
4d6d788c344960fc2905d0e4,Westerpark,Cheap,Breakfast Spot,Paviljoen van Beuningen,
55ce5e9d498e0630e2c94dc0,Zuid,Moderate,Café,Dignita Restaurant,
56bf6533cd10e13a7e784884,Zuid,Moderate,Indonesian Restaurant,Made's Warung,
51eab4ae498eba9ca02d04f4,Zuid,Moderate,Restaurant,Marathonweg Restaurant,
5464a6cc498eea2399ee168f,Zuid,Cheap,Bistro,George Bistro Bistro,
52ecd10811d299c1bac7aa64,Zuid,Moderate,Portuguese Restaurant,A Loja,
5164615de4b0ec7be778e462,Zuid,Expensive,Restaurant,Ron Gastrobar,
58285e04282ffc2b5f7a3fe3,Zuid,Cheap,Breakfast Spot,Slowth brunch,
4a2704b8f964a52002861fe3,Zuid,Moderate,Thai Restaurant,Busaba,
4a27075cf964a520ac8d1fe3,Zuid,Moderate,Indonesian Restaurant,Restaurant Blauw,
5889b312a149267151938a84,Zuid,Cheap,Breakfast Spot,Lavinia's Good Food,
4a26ffcaf964a520fe801fe3,Zuid,Moderate,Restaurant,De Vondeltuin,
590b7d33a423623a3eecace6,Zuid,Moderate,BBQ Joint,Carnivore,
513a12a6e4b0c66635f872e4,Zuid,Moderate,Café,Van Mechelen,
5a50dbb2f62e092a22409543,Zuid,Cheap,Salad Place,SLA,
53f9c75e498e33ee642af566,Zuid,Cheap,Bistro,Carter Bar & Kitchen,
4a7d0cdcf964a5206aee1fe3,Zuid,Expensive,Bakery,Le Fournil de Sébastien,
50cdab0fe4b000435bbba9d1,Zuid,Cheap,Pizza Place,SOTTO - Pizza Legàle,
4d2324120901721ecea5a8a5,Zuid,Moderate,Italian Restaurant,Scottadito Specialita,
4c972cf2f244b1f76f403a1d,Zuid,Cheap,Bakery,Warme bakkers Klopper & Stolk,
4a27db33f964a5207f921fe3,Zuid,Moderate,Japanese Restaurant,Umeno,4
5726208c498e50261b132530,Zuid,Cheap,Burger Joint,The Happy Bull,
5a36ad7a2c7eb95c9bebeea0,Zuid,Moderate,Italian Restaurant,Spaghetteria Olympiaplein,5
4a27db83f964a5203f941fe3,Zuid,Moderate,Bagel Shop,Bagels & Beans,
576d689c498e6f3e33d0fc2a,Zuid,Very Expensive,Steakhouse,Café Carbòn Zuid,
4a27003ff964a520cf821fe3,Zuid,Expensive,Belgian Restaurant,Gent aan de Schinkel,5
5919b6ac5315934e1be9ca18,Zuid,Cheap,Diner,Rayleigh&Ramsay Overtoom,
5b5a03eab6b04b002c6b6a56,Zuid,Moderate,Italian Restaurant,de Pizzabakkers,
58c0198b14f8f47273d5c379,Zuid,Cheap,Southern / Soul Food Restaurant,Labyrinth,
4a2707f6f964a520598f1fe3,Zuid,Moderate,Vegetarian / Vegan Restaurant,MKZ,
4b3c68dcf964a5204e8425e3,Zuid,Cheap,Bakery,Broodbakker Mensink,
4a2703dbf964a520a1851fe3,Zuid,Expensive,French Restaurant,Affourtit,
4a2703bef964a5204a851fe3,Zuid,Cheap,Café,Café Schinkelhaven,
4a27004ef964a520f2821fe3,Zuid,Moderate,Vegetarian / Vegan Restaurant,Traffic,
4a2707d0f964a520e38e1fe3,Zuid,Very Expensive,Steakhouse,t Steakhouse,4
4bbcc5e3f57ba593b237adb9,Zuid,Cheap,Pizza Place,De Pizzabakkers,
53ac1f8e498efd284fae8b1a,Zuid,Cheap,Snack Place,De Frietsteeg,
5b057cbe491be70039ddd40f,Zuid,Moderate,Restaurant,Bar Alt,
5b435b35f0b490002cd159b2,Zuid,Moderate,Restaurant,The Avocado Show,
546a75c8498ed7355aa1cbe3,Zuid,Moderate,Italian Restaurant,Foodbar 63 Graden,
50843fc9e4b00dbb9e517de3,Zuid,Expensive,French Restaurant,Willems,
5817449838fa53b60770d565,Zuid,Cheap,Brasserie,Vascobelo,
530b796e498e5dd0907636ac,Zuid,Moderate,Australian Restaurant,Drover's dog,
4c2293bb9085d13a999486cc,Zuid,Cheap,Bakery,Le Pain Quotidien (Oud Zuid),
4d6b6075a27f236a07999d66,Zuid,Cheap,Bakery,BBROOD,
4bca02803740b713b6ca5f65,Zuid,Moderate,Asian Restaurant,Dragon I,
4a270831f964a520e18f1fe3,Zuid,Moderate,Italian Restaurant,Bellavista,
5a5a39d9dab4b1392393d7a1,Zuid,Moderate,Italian Restaurant,Gustatio,
55cf6e3a498e4eca2f418b44,Zuid,Expensive,Tapas Restaurant,VIDA Amsterdam,
4f6a16dde4b0ef08ee42c0ff,Zuid,Moderate,Restaurant,Restaurant DI Bruno,
4a270781f964a520068e1fe3,Zuid,Moderate,Ethiopian Restaurant,Addis Ababa,
4b30f133f964a5201bfd24e3,Zuid,Moderate,Italian Restaurant,Forno Communale,
5cc49239fe374000396b4303,Zuid,Moderate,Restaurant,Oslo beers,
4ab4b9c2f964a520737120e3,Zuid,Cheap,Bistro,Brasserie Van Dam,
564305bd498e3ea5e4aaa65d,Zuid,Cheap,Bakery,Broodbakker Simon Meyssen,
53c95235498e4ec9969ddf7f,Zuid,Expensive,Gastropub,Fijnkost,
55a025d5498e694517303028,Zuid,Cheap,Café,Jack Dish,
512a16d1e4b0e1bb9f50d0b3,Zuid,Cheap,Café,Lunchroom Grannies,
563de649cd104e181ec62cb2,Zuid,Cheap,Café,Coffee & Juices,
5c01752c8c35dc002cab4ff0,Zuid,Moderate,Middle Eastern Restaurant,Neni,
559ae5de498e6d42ee423061,Zuid,Moderate,BBQ Joint,Braai,
5b8ed4e125ecca002c013731,Zuid,Moderate,Indian Restaurant,swagat,
4a27db3ff964a520d5921fe3,Zuid,Cheap,Sandwich Place,Koeman's Belegde Broodjes,
54e77976498e543536669b1d,Zuid,Expensive,French Restaurant,Adam,
4a2704c3f964a52020861fe3,Zuid,Moderate,Restaurant,Valerius Eten & Drinken,
4a2703d6f964a52092851fe3,Zuid,Moderate,Sushi Restaurant,Sushi Kings,
4b6077e0f964a520cee729e3,Zuid,Cheap,Snack Place,Coja Snacks,
4d0dcaa48010548167b82096,Zuid,Cheap,Bagel Shop,Bagel Nash,
59465b81ca18ea35e6f59962,Zuid,Moderate,Restaurant,Restaurant Zuid,
4a27077cf964a520ef8d1fe3,Zuid,Moderate,Italian Restaurant,L'Arena,
4a771fbbf964a520a8e31fe3,Zuid,Moderate,Italian Restaurant,Pomorosso,
4a26ff81f964a520ef7f1fe3,Zuid,Moderate,Restaurant,Kaap De Goede Hoop,
4a270026f964a52063821fe3,Zuid,Cheap,Café,Brasserie De Joffers,
4a270537f964a5202d871fe3,Zuid,Cheap,Breakfast Spot,Toasty Lunchroom,
563911c9cd101345224d0b0f,Zuid,Cheap,Noodle House,Wok To Go Express,
4a27db36f964a52094921fe3,Zuid,Moderate,Thai Restaurant,Muang Thai,
4f9e790ce4b0d8e6242dc2fd,Zuid,Moderate,Vegetarian / Vegan Restaurant,Alchemist Garden,
50ca02c1245f2d4aa8c2b789,Zuid,Moderate,Italian Restaurant,Roberto's Restaurant,
4b6d63d8f964a52067742ce3,Zuid,Cheap,Deli / Bodega,Kokkes Afhaalmaaltijden en Avondverkoop,
4e383f3cd22d4cf95ee92c09,Zuid,Cheap,Diner,Warung Barokah,
582711f32fea3661ead49fc6,Zuid,Moderate,Vietnamese Restaurant,Sen Viet,
4d9f424747ad3704141b4de5,Zuid,Cheap,Creperie,Grootmoeders Pannenkoekenhuis,
4a26fff9f964a520b2811fe3,Zuid,Moderate,Italian Restaurant,Trattoria l'incontro,
4a270868f964a5209b901fe3,Zuid,Expensive,French Restaurant,Fondue & Fondue,
4a270797f964a520598e1fe3,Zuid,Cheap,Diner,Zus & Zus,
58a416328d8e9947050cefb9,Zuid,Moderate,Restaurant,MOER,
4a270892f964a52023911fe3,Zuid,Expensive,French Restaurant,De Kersentuin,
59f330783b83077c09fe1c11,Zuid,Cheap,Bakery,De Drie Graefjes,
4a270755f964a520a18d1fe3,Zuid,Moderate,Restaurant,Restaurant Oud-Zuid,
5870e39a6431e52b3f664663,Zuid,Cheap,Café,Sticky Fingers,
4daec8394df0f639f2522947,Zuid,Moderate,Turkish Restaurant,Kebab House Baran,
5762e30e498e2dd19de1c611,Zuid,Cheap,Bistro,Mr. Sam Asian Bistro,
5abfd0349ef8ef11769e931c,Zuid,Moderate,Vegetarian / Vegan Restaurant,Kebabi,
5791c9ba498e6d294ca685ca,Zuid,Cheap,Bakery,Vlaamsch Broodhuys,
599c7df68d0a5361efbb760f,Zuid,Expensive,Tapas Restaurant,parallel amsterdam,
4ad767f8f964a5201a0a21e3,Zuid,Moderate,Restaurant,Frenzi Cucina,
51fe9914498e2637c21432dc,Zuid,Moderate,Sushi Restaurant,Sushi Day,
519130ff498e977f627a8789,Zuid,Cheap,Snack Place,Frietboutique,
54b41c6a498e92acf08c77ba,Zuid,Moderate,Italian Restaurant,Mangia Pizza,
59875f116fd626071da3841c,Zuid,Moderate,Japanese Restaurant,Blauwe Draak,
57645e00498e4d6c171c69c5,Zuid,Cheap,Snack Place,Febo,
57a384f1498e39ed4d9933db,De Baarsjes - Oud-West,Moderate,Korean Restaurant,Seoul Food,
54282f7a498e4ff3ecfce64a,De Baarsjes - Oud-West,Cheap,Dutch Restaurant,Jacketz,
50674824e4b0890847912b06,De Baarsjes - Oud-West,Moderate,Restaurant,Zest,
55531829498e8e11baebbab7,De Baarsjes - Oud-West,Cheap,Breakfast Spot,TEDS,5
55c74335498e6665baf61548,De Baarsjes - Oud-West,Moderate,Peruvian Restaurant,Peruvian Cuisine,4
57cdacba38fa90333fcd3059,De Baarsjes - Oud-West,Moderate,Indonesian Restaurant,Café Amoi,
4a270781f964a520ff8d1fe3,De Baarsjes - Oud-West,Moderate,Middle Eastern Restaurant,Zina,
55b3c1c2498e1bf8d1e07af8,De Baarsjes - Oud-West,Expensive,Asian Restaurant,Happyhappyjoyjoy,5
56c7734bcd10e7ee2a8402cf,De Baarsjes - Oud-West,Moderate,Indonesian Restaurant,Toko Bersama,
4a9436faf964a520c62020e3,De Baarsjes - Oud-West,Moderate,Italian Restaurant,De Italiaan,5
5c28b56ef5e9d7002c962f3c,De Baarsjes - Oud-West,Moderate,Restaurant,Little Collins,4
4a27db1bf964a520f5911fe3,De Baarsjes - Oud-West,Moderate,Mediterranean Restaurant,Beyrouth,
575aeeab38fa14fba41f482c,De Baarsjes - Oud-West,Moderate,Italian Restaurant,Piccolo,
511a5305e4b0d2e9152aabe9,De Baarsjes - Oud-West,Cheap,Café,Kade West,
594aadaca2a6ce5a03ebab40,De Baarsjes - Oud-West,Cheap,Hawaiian Restaurant,Poké Perfect,3
4dfb6f4bd164f73de7cd02ee,De Baarsjes - Oud-West,Expensive,French Restaurant,Pastis,
4a270500f964a520b8861fe3,De Baarsjes - Oud-West,Moderate,Turkish Restaurant,Marmara,
4ed90bac9a5286d91dab4b0b,De Baarsjes - Oud-West,Moderate,Café,Café Bosco,
5ad0dcd68496ca60cf240e07,De Baarsjes - Oud-West,Cheap,Israeli Restaurant,Yummy Hummus,
526f980e11d25b5e67dca2b9,De Baarsjes - Oud-West,Cheap,Diner,Meneer En Mevrouw Keus,
551a8735498e0f0eb506b9f9,De Baarsjes - Oud-West,Cheap,Lebanese Restaurant,man'oushi,
593a37df3d479112ac047830,De Baarsjes - Oud-West,Cheap,Bakery,Bakker Noma,
5b687aa895a722002cf81b27,De Baarsjes - Oud-West,Moderate,Indian Restaurant,Ashoka,
4d04d71b54d0236a0f4ff1d5,De Baarsjes - Oud-West,Cheap,Bagel Shop,La Chesa Bagels,
4b10272ff964a5201e6a23e3,De Baarsjes - Oud-West,Moderate,Sushi Restaurant,Soytasty,
56223e8b498e8dfc37342794,De Baarsjes - Oud-West,Expensive,Tapas Restaurant,Jabugo Bar Iberico,
58efb28f1ffe975f4f6f6ddb,De Baarsjes - Oud-West,Cheap,Pizza Place,Mastino,
4a26ffd4f964a52024811fe3,De Baarsjes - Oud-West,Expensive,Tapas Restaurant,Narbonne,4
4a2707c2f964a520b88e1fe3,De Baarsjes - Oud-West,Moderate,South American Restaurant,Riaz,
57c70af0498e1bdb5cbe8988,De Baarsjes - Oud-West,Moderate,Restaurant,SNCKBR,
56c9ada3498e703301df1c35,De Baarsjes - Oud-West,Cheap,Breakfast Spot,Gallery 3,
4a2707d3f964a520f28e1fe3,De Baarsjes - Oud-West,Cheap,Mexican Restaurant,Taco Mundo,
4a7405daf964a520b4dd1fe3,De Baarsjes - Oud-West,Moderate,Bakery,Vlaamsch Broodhuys,
565ae670498e846de2527c9a,De Baarsjes - Oud-West,Cheap,Burger Joint,Thrill Grill,
55bba5a6498e97575d568f3c,De Baarsjes - Oud-West,Cheap,Salad Place,Salad & The City,
533fdccc498e444a26b62266,De Baarsjes - Oud-West,Cheap,Café,Café Belcampo,
4a270848f964a52027901fe3,De Baarsjes - Oud-West,Cheap,Pizza Place,Padrone Pizzeria,
531b29b4498eeca06db0b960,De Baarsjes - Oud-West,Cheap,Bakery,Broodbakker & Lunchroom Mensink,
58555c3dd8f3e92d76421508,De Baarsjes - Oud-West,Cheap,Burrito Place,Salsa Shop,2
5b2155021af852002c3bfda6,De Baarsjes - Oud-West,Moderate,Vegetarian / Vegan Restaurant,Soil,
4a27db22f964a5202b921fe3,De Baarsjes - Oud-West,Moderate,Indian Restaurant,Tandoori Express,
4bbd6fab4e069c7467d09ee3,De Baarsjes - Oud-West,Cheap,Bakery,Bakkerij Klopper en Stolk,
569fe142498ed07305ad75c6,De Baarsjes - Oud-West,Moderate,Italian Restaurant,Rosetta's Kitchen,